{"type":"FeatureCollection","features":[{"type":"Feature","properties":{"color":"#a3cc1a","style":"fine"},"geometry":{"type":"LineString","coordinates":[[8.93842,44.40989],[8.93852,44.40971],[8.93861,44.40948],[8.93866,44.40934]]}},{"type":"Feature","properties":{"color":"#a3cc1a","style":"fine"},"geometry":{"type":"LineString","coordinates":[[8.95442,44.40245],[8.95447,44.40257]]}},{"type":"Feature","properties":{"color":"#c1d210","style":"fine"},"geometry":{"type":"LineString","coordinates":[[8.95503,44.40475],[8.95393,44.40475],[8.95343,44.40476],[8.95301,44.40476],[8.95272,44.40478],[8.95247,44.4048],[8.95201,44.40485]]}},{"type":"Feature","properties":{"color":"#c0d210","style":"fine"},"geometry":{"type":"LineString","coordinates":[[8.95201,44.40485],[8.95179,44.40441]]}},{"type":"Feature","properties":{"color":"#a1cc1b","style":"fine"},"geometry":{"type":"LineString","coordinates":[[8.95489,44.41126],[8.9547,44.41087],[8.9545,44.41043],[8.95431,44.41003],[8.95428,44.40997]]}},{"type":"Feature","properties":{"color":"#e2d904","style":"fine"},"geometry":{"type":"LineString","coordinates":[[8.95233,44.40263],[8.9518,44.40149],[8.95162,44.40111],[8.9514,44.40064],[8.95097,44.39974],[8.95059,44.3989],[8.95013,44.39799],[8.95003,44.39796]]}},{"type":"Feature","properties":{"color":"#a1cc1b","style":"fine"},"geometry":{"type":"LineString","coordinates":[[8.94561,44.40442],[8.9457,44.40439]]}},{"type":"Feature","properties":{"color":"#87c724","style":"fine"},"geometry":{"type":"LineString","coordinates":[[8.94645,44.39579],[8.94579,44.39595],[8.94506,44.39612],[8.94446,44.39629]]}},{"type":"Feature","properties":{"color":"#b1cf15","style":"fine"},"geometry":{"type":"LineString","coordinates":[[8.94565,44.40696],[8.94541,44.40665]]}},{"type":"Feature","properties":{"color":"#96ca1f","style":"fine"},"geometry":{"type":"LineString","coordinates":[[8.95182,44.41017],[8.9517,44.41001],[8.95149,44.40972],[8.95119,44.40937],[8.9507,44.40887]]}},{"type":"Feature","properties":{"color":"#c5d30e","style":"fine"},"geometry":{"type":"LineString","coordinates":[[8.95073,44.40613],[8.95057,44.40591],[8.9497,44.4055],[8.94938,44.40548]]}},{"type":"Feature","properties":{"color":"#9aca1e","style":"fine"},"geometry":{"type":"LineString","coordinates":[[8.95314,44.40732],[8.95298,44.40724]]}},{"type":"Feature","properties":{"color":"#cbd40c","style":"fine"},"geometry":{"type":"LineString","coordinates":[[8.95243,44.40574],[8.95259,44.4058]]}},{"type":"Feature","properties":{"color":"#a0cc1b","style":"fine"},"geometry":{"type":"LineString","coordinates":[[8.95237,44.40585],[8.95233,44.40576]]}},{"type":"Feature","properties":{"color":"#9ecb1c","style":"fine"},"geometry":{"type":"LineString","coordinates":[[8.94491,44.40031],[8.94449,44.3996]]}},{"type":"Feature","properties":{"color":"#b9d112","style":"fine"},"geometry":{"type":"LineString","coordinates":[[8.94578,44.40155],[8.94559,44.40142],[8.94521,44.4015],[8.94475,44.40158]]}},{"type":"Feature","properties":{"color":"#c3d30f","style":"fine"},"geometry":{"type":"LineString","coordinates":[[8.95443,44.40234],[8.95414,44.40245],[8.95392,44.40248]]}},{"type":"Feature","properties":{"color":"#80c526","style":"fine"},"geometry":{"type":"LineString","coordinates":[[8.95179,44.40441],[8.95198,44.40436]]}},{"type":"Feature","properties":{"color":"#ccd40c","style":"fine"},"geometry":{"type":"LineString","coordinates":[[8.95082,44.40843],[8.95073,44.40856]]}},{"type":"Feature","properties":{"color":"#c2d20f","style":"fine"},"geometry":{"type":"LineString","coordinates":[[8.95038,44.40894],[8.95014,44.40901],[8.94957,44.40868],[8.94929,44.40847],[8.94843,44.40802],[8.94802,44.4078],[8.94772,44.40782],[8.94757,44.408],[8.94775,44.40821],[8.94825,44.40838],[8.94848,44.40851],[8.94865,44.40868],[8.94896,44.40901],[8.94932,44.40939],[8.94971,44.40982],[8.94992,44.41009],[8.95008,44.41041],[8.95013,44.41061],[8.95018,44.41091],[8.95011,44.41111],[8.94988,44.41122],[8.94964,44.41118],[8.94947,44.41092],[8.94943,44.41074],[8.9494,44.41051],[8.94932,44.41032],[8.94917,44.41013],[8.94901,44.40996],[8.94877,44.40982],[8.94849,44.40985],[8.9483,44.41002],[8.94838,44.41026]]}},{"type":"Feature","properties":{"color":"#91c921","style":"fine"},"geometry":{"type":"LineString","coordinates":[[8.94772,44.39548],[8.94797,44.39601],[8.94818,44.39645],[8.94823,44.39656]]}},{"type":"Feature","properties":{"color":"#93c920","style":"fine"},"geometry":{"type":"LineString","coordinates":[[8.93964,44.40724],[8.93953,44.40679],[8.93948,44.40656],[8.93952,44.40631],[8.93951,44.40614]]}},{"type":"Feature","properties":{"color":"#94c920","style":"fine"},"geometry":{"type":"LineString","coordinates":[[8.93798,44.41019],[8.93796,44.40998],[8.938,44.40993]]}},{"type":"Feature","properties":{"color":"#dbd707","style":"fine"},"geometry":{"type":"LineString","coordinates":[[8.94971,44.39995],[8.94957,44.39998]]}},{"type":"Feature","properties":{"color":"#a2cc1b","style":"fine"},"geometry":{"type":"LineString","coordinates":[[8.94384,44.39627],[8.94411,44.39622],[8.94488,44.39603]]}},{"type":"Feature","properties":{"color":"#a1cc1b","style":"fine"},"geometry":{"type":"LineString","coordinates":[[8.94749,44.3954],[8.94772,44.39548]]}},{"type":"Feature","properties":{"color":"#a8cd19","style":"fine"},"geometry":{"type":"LineString","coordinates":[[8.95003,44.39796],[8.94986,44.3976]]}},{"type":"Feature","properties":{"color":"#b2cf15","style":"fine"},"geometry":{"type":"LineString","coordinates":[[8.94903,44.40507],[8.94957,44.40493],[8.95112,44.40457],[8.95161,44.40445],[8.95179,44.40441]]}},{"type":"Feature","properties":{"color":"#7cc428","style":"fine"},"geometry":{"type":"LineString","coordinates":[[8.94384,44.39645],[8.94392,44.39662]]}},{"type":"Feature","properties":{"color":"#ddd806","style":"fine"},"geometry":{"type":"LineString","coordinates":[[8.93933,44.40576],[8.93933,44.40556],[8.93934,44.40519]]}},{"type":"Feature","properties":{"color":"#bed211","style":"fine"},"geometry":{"type":"LineString","coordinates":[[8.94714,44.40597],[8.94754,44.40588],[8.94768,44.40586]]}},{"type":"Feature","properties":{"color":"#a6cd19","style":"fine"},"geometry":{"type":"LineString","coordinates":[[8.94691,44.40406],[8.94683,44.40389],[8.94662,44.40342]]}},{"type":"Feature","properties":{"color":"#ef7628","style":"fine"},"geometry":{"type":"LineString","coordinates":[[8.92985,44.40344],[8.92997,44.4032],[8.93024,44.40291]]}},{"type":"Feature","properties":{"color":"#97ca1e","style":"fine"},"geometry":{"type":"LineString","coordinates":[[8.94069,44.40271],[8.94079,44.40258]]}},{"type":"Feature","properties":{"color":"#a8cd19","style":"fine"},"geometry":{"type":"LineString","coordinates":[[8.94007,44.40353],[8.9403,44.40329],[8.94057,44.40288],[8.94069,44.40271]]}},{"type":"Feature","properties":{"color":"#d2d60a","style":"fine"},"geometry":{"type":"LineString","coordinates":[[8.95177,44.40143],[8.95126,44.40154],[8.95072,44.40167],[8.95067,44.40168]]}},{"type":"Feature","properties":{"color":"#aece16","style":"fine"},"geometry":{"type":"LineString","coordinates":[[8.95126,44.40292],[8.95155,44.40284],[8.95221,44.40266],[8.95233,44.40263]]}},{"type":"Feature","properties":{"color":"#d4d609","style":"fine"},"geometry":{"type":"LineString","coordinates":[[8.93658,44.4052],[8.9369,44.4057],[8.93703,44.40591],[8.9374,44.40632],[8.93748,44.40641]]}},{"type":"Feature","properties":{"color":"#b1cf16","style":"fine"},"geometry":{"type":"LineString","coordinates":[[8.95233,44.40263],[8.95343,44.40232],[8.95351,44.4023]]}},{"type":"Feature","properties":{"color":"#b7d013","style":"fine"},"geometry":{"type":"LineString","coordinates":[[8.94423,44.40885],[8.94404,44.40903],[8.94389,44.40907]]}},{"type":"Feature","properties":{"color":"#78c429","style":"fine"},"geometry":{"type":"LineString","coordinates":[[8.90514,44.41018],[8.90541,44.41026],[8.90622,44.4105],[8.907,44.41072],[8.90736,44.41082],[8.90762,44.41089],[8.90804,44.41104],[8.9084,44.41121],[8.90871,44.41139],[8.90898,44.41158],[8.90924,44.41177],[8.90976,44.4123],[8.90995,44.41245],[8.9102,44.41262],[8.91045,44.41275],[8.91105,44.41303],[8.9113,44.41315],[8.91177,44.41336],[8.9128,44.41384],[8.91304,44.41394],[8.91329,44.41403],[8.91362,44.41414],[8.91394,44.41425],[8.91436,44.41437],[8.91497,44.41444],[8.91543,44.41448],[8.91574,44.41452],[8.91621,44.41459],[8.91736,44.41481],[8.91776,44.41489],[8.91802,44.41493],[8.91842,44.41497],[8.9188,44.41505],[8.91912,44.41512],[8.91966,44.41523],[8.92031,44.41537],[8.92064,44.4154],[8.92089,44.4154],[8.92125,44.41537],[8.92183,44.41527],[8.92221,44.4152],[8.92261,44.4151],[8.92285,44.41502],[8.9231,44.41493],[8.92334,44.41484],[8.92356,44.41473],[8.92391,44.41455],[8.9253,44.41368],[8.92596,44.41326],[8.92621,44.41311],[8.92654,44.41288],[8.92679,44.41267],[8.92705,44.41241],[8.92723,44.41218],[8.92757,44.41175],[8.9277,44.41157],[8.92789,44.41129],[8.92802,44.41099],[8.92811,44.41067],[8.92814,44.41042],[8.92811,44.40936],[8.92808,44.40852],[8.92806,44.40824],[8.92802,44.40806],[8.92759,44.40714],[8.92751,44.4069],[8.92747,44.40667],[8.92746,44.40649],[8.92748,44.40626],[8.92754,44.40598],[8.92765,44.4057],[8.92782,44.40541],[8.92798,44.4052],[8.92815,44.40502],[8.92832,44.40485],[8.92902,44.40422],[8.92948,44.40382],[8.92985,44.40344],[8.93029,44.40295],[8.9308,44.40241],[8.93115,44.40191],[8.93142,44.4015],[8.93172,44.40105],[8.93194,44.40072],[8.93208,44.40057],[8.93227,44.4004],[8.93258,44.40012],[8.93286,44.39983],[8.93304,44.39959],[8.93336,44.39919],[8.93353,44.39901],[8.93385,44.39877],[8.93426,44.39855],[8.93466,44.39835],[8.93493,44.39823],[8.93521,44.39812],[8.9355,44.39802],[8.93581,44.39794],[8.93623,44.39785],[8.93666,44.39778],[8.93775,44.39765],[8.93849,44.39756],[8.93879,44.39751],[8.93921,44.39741],[8.93969,44.39723],[8.93993,44.39712],[8.94019,44.39699],[8.94049,44.39687],[8.94091,44.39677],[8.94123,44.39671],[8.94164,44.39663],[8.94191,44.3966]]}},{"type":"Feature","properties":{"color":"#afcf16","style":"fine"},"geometry":{"type":"LineString","coordinates":[[8.95166,44.40794],[8.95204,44.40773]]}},{"type":"Feature","properties":{"color":"#86c625","style":"fine"},"geometry":{"type":"LineString","coordinates":[[8.94792,44.40585],[8.94802,44.40604],[8.94809,44.40608]]}},{"type":"Feature","properties":{"color":"#cbd40c","style":"fine"},"geometry":{"type":"LineString","coordinates":[[8.93783,44.41098],[8.93793,44.41081],[8.93785,44.41063],[8.93794,44.41042],[8.9381,44.41027]]}},{"type":"Feature","properties":{"color":"#92c920","style":"fine"},"geometry":{"type":"LineString","coordinates":[[8.95466,44.40398],[8.95515,44.40386],[8.95561,44.40375],[8.95576,44.40374]]}},{"type":"Feature","properties":{"color":"#c8d40d","style":"fine"},"geometry":{"type":"LineString","coordinates":[[8.95401,44.39239],[8.95409,44.39262]]}},{"type":"Feature","properties":{"color":"#ded805","style":"fine"},"geometry":{"type":"LineString","coordinates":[[8.95438,44.39524],[8.95424,44.39476],[8.95409,44.39413],[8.95397,44.39362],[8.95387,44.39317],[8.95381,44.39292],[8.95376,44.39268]]}},{"type":"Feature","properties":{"color":"#a8cd18","style":"fine"},"geometry":{"type":"LineString","coordinates":[[8.92769,44.40672],[8.92779,44.40691],[8.92796,44.40729]]}},{"type":"Feature","properties":{"color":"#a2cc1b","style":"fine"},"geometry":{"type":"LineString","coordinates":[[8.92839,44.4081],[8.9286,44.40881],[8.92861,44.40959],[8.9286,44.41026],[8.92855,44.41068]]}},{"type":"Feature","properties":{"color":"#8dc822","style":"fine"},"geometry":{"type":"LineString","coordinates":[[8.92855,44.41068],[8.92844,44.41098],[8.92823,44.4113],[8.92801,44.4116]]}},{"type":"Feature","properties":{"color":"#b4d014","style":"fine"},"geometry":{"type":"LineString","coordinates":[[8.93798,44.41019],[8.93773,44.41016]]}},{"type":"Feature","properties":{"color":"#adce17","style":"fine"},"geometry":{"type":"LineString","coordinates":[[8.93473,44.4115],[8.93426,44.41152],[8.93397,44.41156]]}},{"type":"Feature","properties":{"color":"#a1cc1b","style":"fine"},"geometry":{"type":"LineString","coordinates":[[8.95237,44.40585],[8.95243,44.40574]]}},{"type":"Feature","properties":{"color":"#88c724","style":"fine"},"geometry":{"type":"LineString","coordinates":[[8.95201,44.40485],[8.95254,44.40571]]}},{"type":"Feature","properties":{"color":"#b1cf15","style":"fine"},"geometry":{"type":"LineString","coordinates":[[8.95589,44.41336],[8.9557,44.41296],[8.95553,44.41259],[8.95531,44.41213],[8.9551,44.41169],[8.95492,44.41132],[8.95489,44.41126]]}},{"type":"Feature","properties":{"color":"#9dcb1c","style":"fine"},"geometry":{"type":"LineString","coordinates":[[8.9433,44.40272],[8.94315,44.40276]]}},{"type":"Feature","properties":{"color":"#b1cf15","style":"fine"},"geometry":{"type":"LineString","coordinates":[[8.94303,44.40202],[8.94299,44.40214]]}},{"type":"Feature","properties":{"color":"#dad707","style":"fine"},"geometry":{"type":"LineString","coordinates":[[8.9453,44.40644],[8.94519,44.40622],[8.94502,44.40593]]}},{"type":"Feature","properties":{"color":"#c4d30f","style":"fine"},"geometry":{"type":"LineString","coordinates":[[8.94276,44.40205],[8.94291,44.40191],[8.94299,44.40173],[8.94326,44.40158]]}},{"type":"Feature","properties":{"color":"#b3cf15","style":"fine"},"geometry":{"type":"LineString","coordinates":[[8.93647,44.40666],[8.93643,44.40658]]}},{"type":"Feature","properties":{"color":"#d4d609","style":"fine"},"geometry":{"type":"LineString","coordinates":[[8.953,44.39448],[8.95321,44.39459],[8.95345,44.39477],[8.95363,44.39498],[8.95375,44.39517]]}},{"type":"Feature","properties":{"color":"#e5d903","style":"fine"},"geometry":{"type":"LineString","coordinates":[[8.95465,44.39541],[8.9546,44.39567],[8.95461,44.39587]]}},{"type":"Feature","properties":{"color":"#cbd40c","style":"fine"},"geometry":{"type":"LineString","coordinates":[[8.95592,44.39382],[8.95557,44.39394],[8.9554,44.39408],[8.95529,44.39431],[8.95519,44.3946],[8.95502,44.39503],[8.955,44.39508]]}},{"type":"Feature","properties":{"color":"#bbd112","style":"fine"},"geometry":{"type":"LineString","coordinates":[[8.93565,44.40214],[8.93498,44.40246],[8.9349,44.40249]]}},{"type":"Feature","properties":{"color":"#6ec22d","style":"fine"},"geometry":{"type":"LineString","coordinates":[[8.94354,44.39654],[8.94335,44.39642],[8.94343,44.39621],[8.94373,44.39619],[8.94384,44.39627]]}},{"type":"Feature","properties":{"color":"#c6d30e","style":"fine"},"geometry":{"type":"LineString","coordinates":[[8.94465,44.40835],[8.94523,44.40756],[8.94536,44.40737],[8.94561,44.40703]]}},{"type":"Feature","properties":{"color":"#7bc428","style":"fine"},"geometry":{"type":"LineString","coordinates":[[8.93151,44.40202],[8.93138,44.4022],[8.93108,44.40263]]}},{"type":"Feature","properties":{"color":"#9dcb1c","style":"fine"},"geometry":{"type":"LineString","coordinates":[[8.93693,44.40576],[8.93625,44.40597],[8.93612,44.40601]]}},{"type":"Feature","properties":{"color":"#d3d60a","style":"fine"},"geometry":{"type":"LineString","coordinates":[[8.93873,44.40276],[8.93852,44.40244]]}},{"type":"Feature","properties":{"color":"#9bcb1d","style":"fine"},"geometry":{"type":"LineString","coordinates":[[8.93438,44.40192],[8.93479,44.40173],[8.93503,44.40161],[8.93511,44.40157]]}},{"type":"Feature","properties":{"color":"#d4d609","style":"fine"},"geometry":{"type":"LineString","coordinates":[[8.93902,44.40271],[8.93948,44.40234],[8.94004,44.4019],[8.94029,44.40166],[8.9404,44.40157]]}},{"type":"Feature","properties":{"color":"#9dcb1c","style":"fine"},"geometry":{"type":"LineString","coordinates":[[8.93855,44.41003],[8.93884,44.41009],[8.93909,44.41006],[8.93941,44.41003],[8.93994,44.40991],[8.94024,44.40984],[8.94047,44.4098]]}},{"type":"Feature","properties":{"color":"#a9cd18","style":"fine"},"geometry":{"type":"LineString","coordinates":[[8.9374,44.41038],[8.93723,44.41052],[8.93705,44.41065],[8.93668,44.41089],[8.93638,44.41103],[8.93609,44.41116],[8.93562,44.41132],[8.93522,44.41142]]}},{"type":"Feature","properties":{"color":"#b6d013","style":"fine"},"geometry":{"type":"LineString","coordinates":[[8.95337,44.40782],[8.95329,44.40764],[8.9532,44.40746],[8.95314,44.40732]]}},{"type":"Feature","properties":{"color":"#a9cd18","style":"fine"},"geometry":{"type":"LineString","coordinates":[[8.95254,44.40571],[8.95259,44.4058]]}},{"type":"Feature","properties":{"color":"#c7d30e","style":"fine"},"geometry":{"type":"LineString","coordinates":[[8.94823,44.39656],[8.9485,44.3965],[8.94912,44.39635],[8.94924,44.39632]]}},{"type":"Feature","properties":{"color":"#c6d30e","style":"fine"},"geometry":{"type":"LineString","coordinates":[[8.95404,44.40134],[8.95401,44.40112]]}},{"type":"Feature","properties":{"color":"#c5d30e","style":"fine"},"geometry":{"type":"LineString","coordinates":[[8.95374,44.40097],[8.95337,44.40106],[8.95269,44.40121],[8.95232,44.4013],[8.9519,44.4014],[8.95177,44.40143]]}},{"type":"Feature","properties":{"color":"#acce17","style":"fine"},"geometry":{"type":"LineString","coordinates":[[8.94634,44.41361],[8.94514,44.41308],[8.94424,44.41269],[8.94301,44.41216],[8.94223,44.41181],[8.94168,44.41157],[8.94081,44.4112],[8.94027,44.41096],[8.93979,44.41075]]}},{"type":"Feature","properties":{"color":"#cad40d","style":"fine"},"geometry":{"type":"LineString","coordinates":[[8.93458,44.4115],[8.93456,44.41157]]}},{"type":"Feature","properties":{"color":"#bfd210","style":"fine"},"geometry":{"type":"LineString","coordinates":[[8.93598,44.39832],[8.93615,44.39861],[8.93612,44.3988],[8.93569,44.39899],[8.9354,44.39915]]}},{"type":"Feature","properties":{"color":"#74c32b","style":"fine"},"geometry":{"type":"LineString","coordinates":[[8.94489,44.3987],[8.94494,44.39881]]}},{"type":"Feature","properties":{"color":"#90c821","style":"fine"},"geometry":{"type":"LineString","coordinates":[[8.94549,44.40098],[8.94543,44.40084]]}},{"type":"Feature","properties":{"color":"#85c625","style":"fine"},"geometry":{"type":"LineString","coordinates":[[8.95073,44.40856],[8.95103,44.40869]]}},{"type":"Feature","properties":{"color":"#9ccb1d","style":"fine"},"geometry":{"type":"LineString","coordinates":[[8.95213,44.411],[8.95204,44.41068],[8.95182,44.41017]]}},{"type":"Feature","properties":{"color":"#81c526","style":"fine"},"geometry":{"type":"LineString","coordinates":[[8.95272,44.41069],[8.95282,44.41094],[8.95294,44.41129],[8.95303,44.41172],[8.95312,44.41234],[8.95315,44.41266],[8.95312,44.41293],[8.95307,44.41313],[8.95295,44.41339],[8.95292,44.41345]]}},{"type":"Feature","properties":{"color":"#8cc822","style":"fine"},"geometry":{"type":"LineString","coordinates":[[8.9283,44.40813],[8.92788,44.40733]]}},{"type":"Feature","properties":{"color":"#bbd112","style":"fine"},"geometry":{"type":"LineString","coordinates":[[8.93515,44.39927],[8.93485,44.39945],[8.93465,44.39957],[8.93459,44.39994],[8.93426,44.40012],[8.93401,44.40024],[8.93394,44.40026]]}},{"type":"Feature","properties":{"color":"#a4cc1a","style":"fine"},"geometry":{"type":"LineString","coordinates":[[8.93989,44.40361],[8.93696,44.40487],[8.93691,44.40489]]}},{"type":"Feature","properties":{"color":"#d4d609","style":"fine"},"geometry":{"type":"LineString","coordinates":[[8.95485,44.39691],[8.95496,44.39738],[8.95497,44.39757],[8.95484,44.39796],[8.95473,44.39812],[8.95459,44.39832],[8.95442,44.39851],[8.95408,44.39876],[8.95372,44.39893],[8.95342,44.39905],[8.9532,44.39912]]}},{"type":"Feature","properties":{"color":"#f0da28","style":"fine"},"geometry":{"type":"LineString","coordinates":[[8.95435,44.39528],[8.95459,44.39522],[8.95464,44.39525]]}},{"type":"Feature","properties":{"color":"#8ec822","style":"fine"},"geometry":{"type":"LineString","coordinates":[[8.937,44.41217],[8.93702,44.41199],[8.93722,44.41168]]}},{"type":"Feature","properties":{"color":"#6dc12d","style":"fine"},"geometry":{"type":"LineString","coordinates":[[8.94589,44.4009],[8.94609,44.40131]]}},{"type":"Feature","properties":{"color":"#b1cf15","style":"fine"},"geometry":{"type":"LineString","coordinates":[[8.94741,44.40421],[8.94759,44.40456],[8.94785,44.40514],[8.94789,44.40523]]}},{"type":"Feature","properties":{"color":"#8ac723","style":"fine"},"geometry":{"type":"LineString","coordinates":[[8.94691,44.40406],[8.94703,44.40403]]}},{"type":"Feature","properties":{"color":"#91c921","style":"fine"},"geometry":{"type":"LineString","coordinates":[[8.9404,44.40157],[8.94082,44.4014],[8.9412,44.40125],[8.94123,44.40123]]}},{"type":"Feature","properties":{"color":"#9bcb1d","style":"fine"},"geometry":{"type":"LineString","coordinates":[[8.94287,44.39886],[8.94271,44.39892]]}},{"type":"Feature","properties":{"color":"#b6d014","style":"fine"},"geometry":{"type":"LineString","coordinates":[[8.93738,44.40844],[8.93698,44.40762]]}},{"type":"Feature","properties":{"color":"#97ca1f","style":"fine"},"geometry":{"type":"LineString","coordinates":[[8.93673,44.40715],[8.93656,44.40682]]}},{"type":"Feature","properties":{"color":"#f08828","style":"fine"},"geometry":{"type":"LineString","coordinates":[[8.92808,44.40852],[8.92801,44.40832],[8.92793,44.40814],[8.92753,44.40729]]}},{"type":"Feature","properties":{"color":"#a0cc1b","style":"fine"},"geometry":{"type":"LineString","coordinates":[[8.93559,44.40515],[8.93528,44.40465]]}},{"type":"Feature","properties":{"color":"#f0ac28","style":"fine"},"geometry":{"type":"LineString","coordinates":[[8.9322,44.4028],[8.93187,44.40258],[8.93166,44.40247],[8.93147,44.40229],[8.93141,44.4021],[8.93142,44.40191],[8.93163,44.40157],[8.93189,44.40116],[8.93208,44.40093]]}},{"type":"Feature","properties":{"color":"#7ac429","style":"fine"},"geometry":{"type":"LineString","coordinates":[[8.92985,44.40378],[8.92964,44.40397],[8.92861,44.40489],[8.92825,44.4052],[8.92806,44.40536],[8.92794,44.40545]]}},{"type":"Feature","properties":{"color":"#aece17","style":"fine"},"geometry":{"type":"LineString","coordinates":[[8.95392,44.40094],[8.95419,44.40083]]}},{"type":"Feature","properties":{"color":"#cbd40c","style":"fine"},"geometry":{"type":"LineString","coordinates":[[8.95243,44.40751],[8.95276,44.40729],[8.95276,44.40714]]}},{"type":"Feature","properties":{"color":"#92c920","style":"fine"},"geometry":{"type":"LineString","coordinates":[[8.92973,44.40389],[8.93023,44.40378],[8.93046,44.40369],[8.93069,44.40361],[8.93095,44.40357],[8.93119,44.40355],[8.93131,44.40353]]}},{"type":"Feature","properties":{"color":"#abce17","style":"fine"},"geometry":{"type":"LineString","coordinates":[[8.92741,44.4068],[8.92741,44.40655]]}},{"type":"Feature","properties":{"color":"#f09728","style":"fine"},"geometry":{"type":"LineString","coordinates":[[8.9322,44.4028],[8.9318,44.40263],[8.93172,44.4026]]}},{"type":"Feature","properties":{"color":"#f07b28","style":"fine"},"geometry":{"type":"LineString","coordinates":[[8.93268,44.40289],[8.93293,44.40292],[8.93288,44.40305]]}},{"type":"Feature","properties":{"color":"#f08b28","style":"fine"},"geometry":{"type":"LineString","coordinates":[[8.93396,44.40364],[8.93362,44.40349]]}},{"type":"Feature","properties":{"color":"#f0a328","style":"fine"},"geometry":{"type":"LineString","coordinates":[[8.93401,44.40353],[8.93396,44.40364]]}},{"type":"Feature","properties":{"color":"#85c625","style":"fine"},"geometry":{"type":"LineString","coordinates":[[8.92791,44.41156],[8.92812,44.41128],[8.9283,44.41104],[8.92842,44.41078],[8.92845,44.41066]]}},{"type":"Feature","properties":{"color":"#bed211","style":"fine"},"geometry":{"type":"LineString","coordinates":[[8.95262,44.40641],[8.95284,44.40636]]}},{"type":"Feature","properties":{"color":"#f0da28","style":"fine"},"geometry":{"type":"LineString","coordinates":[[8.95299,44.4067],[8.95277,44.40675]]}},{"type":"Feature","properties":{"color":"#afcf16","style":"fine"},"geometry":{"type":"LineString","coordinates":[[8.93866,44.40934],[8.93892,44.40926],[8.93904,44.40909],[8.93929,44.40893],[8.9395,44.40881],[8.93955,44.40849],[8.93959,44.40807],[8.93963,44.40767],[8.93965,44.40734],[8.93964,44.40724]]}},{"type":"Feature","properties":{"color":"#c5d30e","style":"fine"},"geometry":{"type":"LineString","coordinates":[[8.93934,44.40519],[8.9394,44.4043],[8.93941,44.40402],[8.9393,44.40368],[8.93915,44.40342],[8.93894,44.40302],[8.93893,44.40301]]}},{"type":"Feature","properties":{"color":"#a7cd19","style":"fine"},"geometry":{"type":"LineString","coordinates":[[8.93951,44.40614],[8.93933,44.40576]]}},{"type":"Feature","properties":{"color":"#98ca1e","style":"fine"},"geometry":{"type":"LineString","coordinates":[[8.95411,44.40384],[8.95466,44.40398]]}},{"type":"Feature","properties":{"color":"#ccd40c","style":"fine"},"geometry":{"type":"LineString","coordinates":[[8.94971,44.39995],[8.94983,44.39992]]}},{"type":"Feature","properties":{"color":"#d8d708","style":"fine"},"geometry":{"type":"LineString","coordinates":[[8.94589,44.4009],[8.9468,44.40067]]}},{"type":"Feature","properties":{"color":"#f09728","style":"fine"},"geometry":{"type":"LineString","coordinates":[[8.93256,44.40295],[8.93231,44.4029],[8.93207,44.40283],[8.93184,44.40274],[8.93147,44.40253],[8.93116,44.40247],[8.93092,44.40258]]}},{"type":"Feature","properties":{"color":"#9bcb1d","style":"fine"},"geometry":{"type":"LineString","coordinates":[[8.95052,44.4086],[8.95034,44.40839]]}},{"type":"Feature","properties":{"color":"#79c429","style":"fine"},"geometry":{"type":"LineString","coordinates":[[8.94926,44.40552],[8.94899,44.40559]]}},{"type":"Feature","properties":{"color":"#d4d609","style":"fine"},"geometry":{"type":"LineString","coordinates":[[8.95073,44.40613],[8.95047,44.40603],[8.94954,44.40555],[8.94938,44.40548]]}},{"type":"Feature","properties":{"color":"#8ec822","style":"fine"},"geometry":{"type":"LineString","coordinates":[[8.94915,44.40716],[8.948,44.40613]]}},{"type":"Feature","properties":{"color":"#9dcb1d","style":"fine"},"geometry":{"type":"LineString","coordinates":[[8.94949,44.40736],[8.94987,44.40774],[8.95018,44.40807],[8.95028,44.40819]]}},{"type":"Feature","properties":{"color":"#cad40d","style":"fine"},"geometry":{"type":"LineString","coordinates":[[8.95179,44.40441],[8.95114,44.40303],[8.95111,44.40296]]}},{"type":"Feature","properties":{"color":"#d2d60a","style":"fine"},"geometry":{"type":"LineString","coordinates":[[8.94357,44.40188],[8.94329,44.4019],[8.94307,44.40179],[8.94326,44.40158]]}},{"type":"Feature","properties":{"color":"#d8d708","style":"fine"},"geometry":{"type":"LineString","coordinates":[[8.95084,44.40841],[8.95157,44.40799]]}},{"type":"Feature","properties":{"color":"#a0cc1b","style":"fine"},"geometry":{"type":"LineString","coordinates":[[8.95084,44.40841],[8.95082,44.40843]]}},{"type":"Feature","properties":{"color":"#aace18","style":"fine"},"geometry":{"type":"LineString","coordinates":[[8.95392,44.40248],[8.9536,44.40236],[8.95351,44.4023]]}},{"type":"Feature","properties":{"color":"#dbd707","style":"fine"},"geometry":{"type":"LineString","coordinates":[[8.95443,44.40204],[8.9545,44.40223],[8.95443,44.40234]]}},{"type":"Feature","properties":{"color":"#d4d609","style":"fine"},"geometry":{"type":"LineString","coordinates":[[8.95409,44.39413],[8.95439,44.39409]]}},{"type":"Feature","properties":{"color":"#afcf16","style":"fine"},"geometry":{"type":"LineString","coordinates":[[8.95419,44.40083],[8.95415,44.40069]]}},{"type":"Feature","properties":{"color":"#eb6e28","style":"fine"},"geometry":{"type":"LineString","coordinates":[[8.95367,44.39236],[8.95375,44.39237]]}},{"type":"Feature","properties":{"color":"#b5d014","style":"fine"},"geometry":{"type":"LineString","coordinates":[[8.95418,44.39313],[8.95387,44.39317]]}},{"type":"Feature","properties":{"color":"#e4d904","style":"fine"},"geometry":{"type":"LineString","coordinates":[[8.95376,44.39268],[8.95403,44.39261],[8.95409,44.39262]]}},{"type":"Feature","properties":{"color":"#d9d707","style":"fine"},"geometry":{"type":"LineString","coordinates":[[8.95341,44.40727],[8.95314,44.40732]]}},{"type":"Feature","properties":{"color":"#a0cc1b","style":"fine"},"geometry":{"type":"LineString","coordinates":[[8.94541,44.40665],[8.9453,44.40644]]}},{"type":"Feature","properties":{"color":"#ced50b","style":"fine"},"geometry":{"type":"LineString","coordinates":[[8.948,44.3966],[8.94823,44.39656]]}},{"type":"Feature","properties":{"color":"#6dc12d","style":"fine"},"geometry":{"type":"LineString","coordinates":[[8.94256,44.39651],[8.94287,44.39646],[8.94313,44.3964],[8.94335,44.3963]]}},{"type":"Feature","properties":{"color":"#aece17","style":"fine"},"geometry":{"type":"LineString","coordinates":[[8.95157,44.40799],[8.95166,44.40794]]}},{"type":"Feature","properties":{"color":"#a8cd18","style":"fine"},"geometry":{"type":"LineString","coordinates":[[8.95233,44.40576],[8.95199,44.405],[8.95201,44.40485]]}},{"type":"Feature","properties":{"color":"#74c32b","style":"fine"},"geometry":{"type":"LineString","coordinates":[[8.94809,44.40608],[8.94925,44.40711]]}},{"type":"Feature","properties":{"color":"#a3cc1a","style":"fine"},"geometry":{"type":"LineString","coordinates":[[8.948,44.40613],[8.94768,44.40586]]}},{"type":"Feature","properties":{"color":"#c1d210","style":"fine"},"geometry":{"type":"LineString","coordinates":[[8.94741,44.40574],[8.94767,44.40552],[8.94793,44.4054]]}},{"type":"Feature","properties":{"color":"#c9d40d","style":"fine"},"geometry":{"type":"LineString","coordinates":[[8.94574,44.40671],[8.94566,44.40692]]}},{"type":"Feature","properties":{"color":"#c4d30f","style":"fine"},"geometry":{"type":"LineString","coordinates":[[8.9453,44.40644],[8.94546,44.40658],[8.94574,44.40671]]}},{"type":"Feature","properties":{"color":"#f09a28","style":"fine"},"geometry":{"type":"LineString","coordinates":[[8.94446,44.39629],[8.94409,44.39638],[8.94392,44.39662]]}},{"type":"Feature","properties":{"color":"#eada01","style":"fine"},"geometry":{"type":"LineString","coordinates":[[8.95391,44.40096],[8.95374,44.40097]]}},{"type":"Feature","properties":{"color":"#72c22c","style":"fine"},"geometry":{"type":"LineString","coordinates":[[8.94793,44.4054],[8.94797,44.4056],[8.94795,44.40579],[8.94792,44.40585]]}},{"type":"Feature","properties":{"color":"#92c920","style":"fine"},"geometry":{"type":"LineString","coordinates":[[8.94047,44.4098],[8.94085,44.40975],[8.941,44.40972]]}},{"type":"Feature","properties":{"color":"#cfd50b","style":"fine"},"geometry":{"type":"LineString","coordinates":[[8.95058,44.40841],[8.95082,44.40843]]}},{"type":"Feature","properties":{"color":"#b3cf15","style":"fine"},"geometry":{"type":"LineString","coordinates":[[8.94816,44.40531],[8.9484,44.40524],[8.94903,44.40507]]}},{"type":"Feature","properties":{"color":"#abce17","style":"fine"},"geometry":{"type":"LineString","coordinates":[[8.94925,44.40711],[8.94936,44.40735]]}},{"type":"Feature","properties":{"color":"#7bc428","style":"fine"},"geometry":{"type":"LineString","coordinates":[[8.94494,44.39881],[8.94507,44.3991],[8.9451,44.39917]]}},{"type":"Feature","properties":{"color":"#aace18","style":"fine"},"geometry":{"type":"LineString","coordinates":[[8.94485,44.39861],[8.94489,44.3987]]}},{"type":"Feature","properties":{"color":"#bed211","style":"fine"},"geometry":{"type":"LineString","coordinates":[[8.95337,44.40782],[8.95356,44.40791]]}},{"type":"Feature","properties":{"color":"#89c723","style":"fine"},"geometry":{"type":"LineString","coordinates":[[8.94938,44.40548],[8.94926,44.40552]]}},{"type":"Feature","properties":{"color":"#97ca1e","style":"fine"},"geometry":{"type":"LineString","coordinates":[[8.94502,44.40593],[8.94486,44.40563],[8.94474,44.40541],[8.94473,44.40538]]}},{"type":"Feature","properties":{"color":"#c3d30f","style":"fine"},"geometry":{"type":"LineString","coordinates":[[8.94719,44.40582],[8.94741,44.40574]]}},{"type":"Feature","properties":{"color":"#d9d707","style":"fine"},"geometry":{"type":"LineString","coordinates":[[8.95073,44.40856],[8.95063,44.40879]]}},{"type":"Feature","properties":{"color":"#b7d013","style":"fine"},"geometry":{"type":"LineString","coordinates":[[8.94007,44.40353],[8.93989,44.40361]]}},{"type":"Feature","properties":{"color":"#92c920","style":"fine"},"geometry":{"type":"LineString","coordinates":[[8.94614,44.40143],[8.9463,44.40182],[8.94636,44.40195]]}},{"type":"Feature","properties":{"color":"#80c526","style":"fine"},"geometry":{"type":"LineString","coordinates":[[8.9458,44.4016],[8.94578,44.40155]]}},{"type":"Feature","properties":{"color":"#a1cc1b","style":"fine"},"geometry":{"type":"LineString","coordinates":[[8.94578,44.40155],[8.94549,44.40098]]}},{"type":"Feature","properties":{"color":"#81c526","style":"fine"},"geometry":{"type":"LineString","coordinates":[[8.94431,44.39748],[8.94455,44.39796],[8.94485,44.39861]]}},{"type":"Feature","properties":{"color":"#b1cf15","style":"fine"},"geometry":{"type":"LineString","coordinates":[[8.94446,44.39629],[8.94411,44.39632],[8.94387,44.39639]]}},{"type":"Feature","properties":{"color":"#a5cd19","style":"fine"},"geometry":{"type":"LineString","coordinates":[[8.95789,44.39196],[8.95746,44.39185],[8.95677,44.39172],[8.95636,44.39168],[8.95606,44.3917],[8.95571,44.39175],[8.95531,44.39188],[8.95416,44.39233],[8.95401,44.39239]]}},{"type":"Feature","properties":{"color":"#e0d805","style":"fine"},"geometry":{"type":"LineString","coordinates":[[8.94235,44.39782],[8.94262,44.39792],[8.94284,44.39811],[8.943,44.39848],[8.94303,44.39871]]}},{"type":"Feature","properties":{"color":"#d4d609","style":"fine"},"geometry":{"type":"LineString","coordinates":[[8.93902,44.40271],[8.93887,44.40286],[8.93873,44.40276]]}},{"type":"Feature","properties":{"color":"#d8d708","style":"fine"},"geometry":{"type":"LineString","coordinates":[[8.93571,44.40534],[8.93627,44.40504],[8.93642,44.40494]]}},{"type":"Feature","properties":{"color":"#82c626","style":"fine"},"geometry":{"type":"LineString","coordinates":[[8.93576,44.4054],[8.93571,44.40534]]}},{"type":"Feature","properties":{"color":"#ccd40c","style":"fine"},"geometry":{"type":"LineString","coordinates":[[8.9365,44.40508],[8.93658,44.4052]]}},{"type":"Feature","properties":{"color":"#c3d30f","style":"fine"},"geometry":{"type":"LineString","coordinates":[[8.93432,44.40239],[8.93422,44.4022],[8.93428,44.40201],[8.93438,44.40192]]}},{"type":"Feature","properties":{"color":"#afcf16","style":"fine"},"geometry":{"type":"LineString","coordinates":[[8.94367,44.40904],[8.9439,44.40897],[8.94413,44.40889],[8.94423,44.40885]]}},{"type":"Feature","properties":{"color":"#d8d708","style":"fine"},"geometry":{"type":"LineString","coordinates":[[8.93962,44.4059],[8.94053,44.40567],[8.9409,44.40558],[8.94128,44.40549],[8.94199,44.40532]]}},{"type":"Feature","properties":{"color":"#cbd40c","style":"fine"},"geometry":{"type":"LineString","coordinates":[[8.93975,44.3978],[8.9402,44.39795],[8.94052,44.39797],[8.94088,44.39786],[8.94158,44.39764],[8.94193,44.39769],[8.94217,44.39779],[8.94235,44.39782]]}},{"type":"Feature","properties":{"color":"#d9d707","style":"fine"},"geometry":{"type":"LineString","coordinates":[[8.9365,44.40508],[8.93691,44.40489]]}},{"type":"Feature","properties":{"color":"#9aca1d","style":"fine"},"geometry":{"type":"LineString","coordinates":[[8.93511,44.40157],[8.93539,44.40183]]}},{"type":"Feature","properties":{"color":"#78c429","style":"fine"},"geometry":{"type":"LineString","coordinates":[[8.93806,44.4099],[8.93829,44.40985],[8.9385,44.40995],[8.93855,44.41003]]}},{"type":"Feature","properties":{"color":"#bdd111","style":"fine"},"geometry":{"type":"LineString","coordinates":[[8.93855,44.41003],[8.93856,44.41007]]}},{"type":"Feature","properties":{"color":"#aace18","style":"fine"},"geometry":{"type":"LineString","coordinates":[[8.93854,44.41029],[8.93835,44.41028]]}},{"type":"Feature","properties":{"color":"#b5d014","style":"fine"},"geometry":{"type":"LineString","coordinates":[[8.95063,44.40879],[8.95052,44.4086]]}},{"type":"Feature","properties":{"color":"#97ca1e","style":"fine"},"geometry":{"type":"LineString","coordinates":[[8.93456,44.41157],[8.93461,44.41188],[8.93465,44.41215],[8.93476,44.41278],[8.93481,44.41313],[8.93486,44.41343],[8.93491,44.41378],[8.93496,44.41413],[8.935,44.41443],[8.93504,44.41472],[8.93509,44.41506],[8.93514,44.41534],[8.93518,44.41561],[8.93519,44.41571]]}},{"type":"Feature","properties":{"color":"#90c821","style":"fine"},"geometry":{"type":"LineString","coordinates":[[8.93371,44.4034],[8.93401,44.40353],[8.93463,44.40386],[8.9348,44.40399],[8.93505,44.40421],[8.93558,44.40505],[8.93579,44.40517],[8.93605,44.40515],[8.93629,44.40511],[8.93658,44.40531],[8.93705,44.40599],[8.93738,44.40636],[8.93754,44.40656],[8.93757,44.40679],[8.93758,44.40713],[8.93771,44.40721]]}},{"type":"Feature","properties":{"color":"#89c723","style":"fine"},"geometry":{"type":"LineString","coordinates":[[8.94936,44.40735],[8.94946,44.40747]]}},{"type":"Feature","properties":{"color":"#87c724","style":"fine"},"geometry":{"type":"LineString","coordinates":[[8.95041,44.4084],[8.95066,44.40853],[8.95073,44.40856]]}},{"type":"Feature","properties":{"color":"#ccd40c","style":"fine"},"geometry":{"type":"LineString","coordinates":[[8.95461,44.39587],[8.95485,44.39691]]}},{"type":"Feature","properties":{"color":"#a5cd19","style":"fine"},"geometry":{"type":"LineString","coordinates":[[8.95384,44.39521],[8.95412,44.39522],[8.95431,44.39508]]}},{"type":"Feature","properties":{"color":"#e8da02","style":"fine"},"geometry":{"type":"LineString","coordinates":[[8.95457,44.3951],[8.95431,44.39508]]}},{"type":"Feature","properties":{"color":"#cad40d","style":"fine"},"geometry":{"type":"LineString","coordinates":[[8.95464,44.39525],[8.955,44.39508]]}},{"type":"Feature","properties":{"color":"#abce17","style":"fine"},"geometry":{"type":"LineString","coordinates":[[8.9546,44.39501],[8.95457,44.3951]]}},{"type":"Feature","properties":{"color":"#c1d210","style":"fine"},"geometry":{"type":"LineString","coordinates":[[8.95434,44.39538],[8.95405,44.39535],[8.95381,44.39524],[8.95375,44.39517]]}},{"type":"Feature","properties":{"color":"#d3d609","style":"fine"},"geometry":{"type":"LineString","coordinates":[[8.9546,44.39501],[8.95478,44.39515],[8.95502,44.39503]]}},{"type":"Feature","properties":{"color":"#b1cf15","style":"fine"},"geometry":{"type":"LineString","coordinates":[[8.95059,44.41562],[8.95091,44.41534],[8.9511,44.41516],[8.95125,44.41494],[8.95134,44.4147],[8.95144,44.41433],[8.95161,44.41369],[8.9517,44.41335],[8.95178,44.41305],[8.95187,44.41276],[8.95192,44.41256],[8.95198,44.41231],[8.95205,44.41204],[8.95209,44.41184],[8.95213,44.41158],[8.95214,44.41132],[8.95214,44.41107],[8.95213,44.411]]}},{"type":"Feature","properties":{"color":"#9fcb1c","style":"fine"},"geometry":{"type":"LineString","coordinates":[[8.95351,44.4023],[8.95393,44.40187],[8.95397,44.40183]]}},{"type":"Feature","properties":{"color":"#d0d50a","style":"fine"},"geometry":{"type":"LineString","coordinates":[[8.95447,44.40123],[8.95456,44.40142],[8.95477,44.40189],[8.95504,44.40242],[8.95536,44.40269],[8.95574,44.40293],[8.95614,44.40319],[8.95655,44.40342],[8.95683,44.4034],[8.95687,44.40319],[8.95636,44.40284],[8.95588,44.40257],[8.95571,44.4024]]}},{"type":"Feature","properties":{"color":"#a5cd19","style":"fine"},"geometry":{"type":"LineString","coordinates":[[8.95436,44.401],[8.95444,44.40117]]}},{"type":"Feature","properties":{"color":"#81c526","style":"fine"},"geometry":{"type":"LineString","coordinates":[[8.94768,44.40586],[8.94757,44.40561],[8.9475,44.40541]]}},{"type":"Feature","properties":{"color":"#87c724","style":"fine"},"geometry":{"type":"LineString","coordinates":[[8.94869,44.40567],[8.94818,44.40581],[8.94792,44.40585]]}},{"type":"Feature","properties":{"color":"#a9cd18","style":"fine"},"geometry":{"type":"LineString","coordinates":[[8.93108,44.40263],[8.93098,44.40275]]}},{"type":"Feature","properties":{"color":"#88c724","style":"fine"},"geometry":{"type":"LineString","coordinates":[[8.92845,44.41066],[8.92846,44.41038],[8.92847,44.4096],[8.92848,44.40877],[8.9283,44.40813]]}},{"type":"Feature","properties":{"color":"#b1cf15","style":"fine"},"geometry":{"type":"LineString","coordinates":[[8.94696,44.40542],[8.94637,44.40558],[8.9463,44.40559]]}},{"type":"Feature","properties":{"color":"#9dcb1c","style":"fine"},"geometry":{"type":"LineString","coordinates":[[8.93856,44.41007],[8.93872,44.41023],[8.93887,44.41034]]}},{"type":"Feature","properties":{"color":"#f0da28","style":"fine"},"geometry":{"type":"LineString","coordinates":[[8.95415,44.40069],[8.95371,44.39974],[8.95357,44.39938],[8.95347,44.39919],[8.95335,44.39902],[8.95248,44.39836],[8.95213,44.39811],[8.95162,44.39773],[8.95066,44.39703],[8.95026,44.39674],[8.94999,44.39654],[8.94963,44.39592],[8.94976,44.39534],[8.94987,44.39496],[8.94998,44.39479],[8.95019,44.39465],[8.95042,44.39455],[8.95083,44.39445],[8.95116,44.39439],[8.95136,44.39437]]}},{"type":"Feature","properties":{"color":"#e5d903","style":"fine"},"geometry":{"type":"LineString","coordinates":[[8.95447,44.40257],[8.95492,44.40286],[8.95584,44.40343],[8.95603,44.40356]]}},{"type":"Feature","properties":{"color":"#bbd112","style":"fine"},"geometry":{"type":"LineString","coordinates":[[8.9554,44.40682],[8.95495,44.40692],[8.95436,44.40706]]}},{"type":"Feature","properties":{"color":"#f09b28","style":"fine"},"geometry":{"type":"LineString","coordinates":[[8.93362,44.40349],[8.93313,44.40327],[8.93291,44.40317]]}},{"type":"Feature","properties":{"color":"#83c625","style":"fine"},"geometry":{"type":"LineString","coordinates":[[8.93689,44.40745],[8.93679,44.40726],[8.93673,44.40715]]}},{"type":"Feature","properties":{"color":"#b3cf15","style":"fine"},"geometry":{"type":"LineString","coordinates":[[8.93708,44.40706],[8.93689,44.40725],[8.93689,44.40745]]}},{"type":"Feature","properties":{"color":"#91c920","style":"fine"},"geometry":{"type":"LineString","coordinates":[[8.95318,44.40713],[8.95314,44.40732]]}},{"type":"Feature","properties":{"color":"#eedb00","style":"fine"},"geometry":{"type":"LineString","coordinates":[[8.95276,44.40714],[8.95227,44.40687],[8.95184,44.40667],[8.95114,44.40633],[8.95084,44.40618],[8.95073,44.40613]]}},{"type":"Feature","properties":{"color":"#c6d30e","style":"fine"},"geometry":{"type":"LineString","coordinates":[[8.95298,44.40724],[8.95277,44.40675],[8.95262,44.40641],[8.95244,44.406],[8.95237,44.40585]]}},{"type":"Feature","properties":{"color":"#a7cd19","style":"fine"},"geometry":{"type":"LineString","coordinates":[[8.95259,44.4058],[8.95284,44.40636],[8.95299,44.4067],[8.95317,44.40711],[8.95318,44.40713]]}},{"type":"Feature","properties":{"color":"#adce17","style":"fine"},"geometry":{"type":"LineString","coordinates":[[8.94079,44.40258],[8.94105,44.40252],[8.94174,44.40233],[8.94275,44.40205],[8.94276,44.40205]]}},{"type":"Feature","properties":{"color":"#91c921","style":"fine"},"geometry":{"type":"LineString","coordinates":[[8.93897,44.40284],[8.93893,44.40301]]}},{"type":"Feature","properties":{"color":"#9bcb1d","style":"fine"},"geometry":{"type":"LineString","coordinates":[[8.94276,44.40205],[8.94299,44.40214]]}},{"type":"Feature","properties":{"color":"#bdd111","style":"fine"},"geometry":{"type":"LineString","coordinates":[[8.93852,44.40244],[8.93832,44.40223],[8.93816,44.40206],[8.93766,44.40153],[8.93748,44.40135],[8.93738,44.40124]]}},{"type":"Feature","properties":{"color":"#84c625","style":"fine"},"geometry":{"type":"LineString","coordinates":[[8.94299,44.40214],[8.94312,44.40239],[8.94326,44.40265],[8.94349,44.40306],[8.94364,44.40334],[8.94398,44.40396]]}},{"type":"Feature","properties":{"color":"#9bcb1d","style":"fine"},"geometry":{"type":"LineString","coordinates":[[8.94315,44.40276],[8.94264,44.40289],[8.94195,44.40307],[8.94102,44.40331],[8.94051,44.40344]]}},{"type":"Feature","properties":{"color":"#98ca1e","style":"fine"},"geometry":{"type":"LineString","coordinates":[[8.93561,44.39904],[8.93556,44.39928],[8.93557,44.39935]]}},{"type":"Feature","properties":{"color":"#b3cf15","style":"fine"},"geometry":{"type":"LineString","coordinates":[[8.95356,44.40791],[8.95372,44.40825],[8.9539,44.40865],[8.95407,44.40903],[8.95419,44.4093],[8.95448,44.40991]]}},{"type":"Feature","properties":{"color":"#abce17","style":"fine"},"geometry":{"type":"LineString","coordinates":[[8.95334,44.40798],[8.95337,44.40782]]}},{"type":"Feature","properties":{"color":"#a6cd19","style":"fine"},"geometry":{"type":"LineString","coordinates":[[8.95298,44.40724],[8.95276,44.40714]]}},{"type":"Feature","properties":{"color":"#c2d20f","style":"fine"},"geometry":{"type":"LineString","coordinates":[[8.95349,44.4083],[8.95334,44.40798]]}},{"type":"Feature","properties":{"color":"#bbd112","style":"fine"},"geometry":{"type":"LineString","coordinates":[[8.94051,44.40344],[8.94007,44.40353]]}},{"type":"Feature","properties":{"color":"#83c626","style":"fine"},"geometry":{"type":"LineString","coordinates":[[8.94836,44.4037],[8.949,44.40353],[8.94947,44.4034],[8.94975,44.40333],[8.95009,44.40324],[8.95086,44.40303],[8.95099,44.40299]]}},{"type":"Feature","properties":{"color":"#ced50b","style":"fine"},"geometry":{"type":"LineString","coordinates":[[8.95436,44.40706],[8.95432,44.40707]]}},{"type":"Feature","properties":{"color":"#a2cc1a","style":"fine"},"geometry":{"type":"LineString","coordinates":[[8.94986,44.3976],[8.94975,44.3974],[8.94928,44.39641],[8.94889,44.3956],[8.94878,44.39537],[8.94865,44.3951]]}},{"type":"Feature","properties":{"color":"#aace18","style":"fine"},"geometry":{"type":"LineString","coordinates":[[8.94872,44.39761],[8.94883,44.39785]]}},{"type":"Feature","properties":{"color":"#dad707","style":"fine"},"geometry":{"type":"LineString","coordinates":[[8.94848,44.3976],[8.948,44.3966]]}},{"type":"Feature","properties":{"color":"#96ca1f","style":"fine"},"geometry":{"type":"LineString","coordinates":[[8.9474,44.40517],[8.94707,44.40442]]}},{"type":"Feature","properties":{"color":"#cbd40c","style":"fine"},"geometry":{"type":"LineString","coordinates":[[8.93759,44.40657],[8.93761,44.40686],[8.93761,44.40693]]}},{"type":"Feature","properties":{"color":"#bad112","style":"fine"},"geometry":{"type":"LineString","coordinates":[[8.941,44.40972],[8.94152,44.40958],[8.9423,44.40938],[8.94303,44.4092],[8.94355,44.40907],[8.94359,44.40906]]}},{"type":"Feature","properties":{"color":"#aace18","style":"fine"},"geometry":{"type":"LineString","coordinates":[[8.9451,44.39917],[8.94553,44.40012],[8.94558,44.40023]]}},{"type":"Feature","properties":{"color":"#ddd806","style":"fine"},"geometry":{"type":"LineString","coordinates":[[8.95293,44.40736],[8.95298,44.40724]]}},{"type":"Feature","properties":{"color":"#c4d30f","style":"fine"},"geometry":{"type":"LineString","coordinates":[[8.94491,44.40031],[8.94519,44.40036]]}},{"type":"Feature","properties":{"color":"#b9d113","style":"fine"},"geometry":{"type":"LineString","coordinates":[[8.94519,44.40036],[8.94563,44.40035]]}},{"type":"Feature","properties":{"color":"#ed7128","style":"fine"},"geometry":{"type":"LineString","coordinates":[[8.9321,44.40075],[8.93195,44.40113],[8.93161,44.40165],[8.93147,44.40187]]}},{"type":"Feature","properties":{"color":"#adce17","style":"fine"},"geometry":{"type":"LineString","coordinates":[[8.95111,44.40296],[8.95126,44.40292]]}},{"type":"Feature","properties":{"color":"#8ec822","style":"fine"},"geometry":{"type":"LineString","coordinates":[[8.95111,44.40296],[8.95088,44.40246],[8.95053,44.40171]]}},{"type":"Feature","properties":{"color":"#a5cd1a","style":"fine"},"geometry":{"type":"LineString","coordinates":[[8.93576,44.4054],[8.93636,44.40517],[8.9365,44.40508]]}},{"type":"Feature","properties":{"color":"#b3cf15","style":"fine"},"geometry":{"type":"LineString","coordinates":[[8.93382,44.41161],[8.93391,44.41158]]}},{"type":"Feature","properties":{"color":"#77c32a","style":"fine"},"geometry":{"type":"LineString","coordinates":[[8.93397,44.41156],[8.93422,44.41149],[8.93453,44.41145],[8.93463,44.41144]]}},{"type":"Feature","properties":{"color":"#8dc822","style":"fine"},"geometry":{"type":"LineString","coordinates":[[8.9463,44.40629],[8.94651,44.40617],[8.94671,44.4061]]}},{"type":"Feature","properties":{"color":"#e0d805","style":"fine"},"geometry":{"type":"LineString","coordinates":[[8.95318,44.40713],[8.95341,44.40727]]}},{"type":"Feature","properties":{"color":"#acce17","style":"fine"},"geometry":{"type":"LineString","coordinates":[[8.93642,44.40494],[8.93609,44.40441],[8.93571,44.4038],[8.93545,44.40337],[8.93525,44.40304],[8.93511,44.40282],[8.93495,44.40257],[8.9349,44.40249]]}},{"type":"Feature","properties":{"color":"#7dc527","style":"fine"},"geometry":{"type":"LineString","coordinates":[[8.95028,44.40832],[8.95041,44.4084]]}},{"type":"Feature","properties":{"color":"#acce17","style":"fine"},"geometry":{"type":"LineString","coordinates":[[8.94936,44.40735],[8.94916,44.40717],[8.94915,44.40716]]}},{"type":"Feature","properties":{"color":"#8dc822","style":"fine"},"geometry":{"type":"LineString","coordinates":[[8.94597,44.40655],[8.9463,44.40629]]}},{"type":"Feature","properties":{"color":"#ccd40c","style":"fine"},"geometry":{"type":"LineString","coordinates":[[8.95401,44.40147],[8.95404,44.40134]]}},{"type":"Feature","properties":{"color":"#aece16","style":"fine"},"geometry":{"type":"LineString","coordinates":[[8.95401,44.40147],[8.95403,44.40171]]}},{"type":"Feature","properties":{"color":"#9ecb1c","style":"fine"},"geometry":{"type":"LineString","coordinates":[[8.93476,44.40717],[8.93459,44.40703],[8.93442,44.40688],[8.93437,44.40681]]}},{"type":"Feature","properties":{"color":"#93c920","style":"fine"},"geometry":{"type":"LineString","coordinates":[[8.93539,44.40183],[8.93643,44.40133],[8.93698,44.40107]]}},{"type":"Feature","properties":{"color":"#a2cc1b","style":"fine"},"geometry":{"type":"LineString","coordinates":[[8.93375,44.40004],[8.93349,44.40007],[8.93319,44.40016],[8.93303,44.40018]]}},{"type":"Feature","properties":{"color":"#b5d014","style":"fine"},"geometry":{"type":"LineString","coordinates":[[8.93476,44.40717],[8.93496,44.40703],[8.93539,44.40692],[8.93548,44.4069]]}},{"type":"Feature","properties":{"color":"#a1cc1b","style":"fine"},"geometry":{"type":"LineString","coordinates":[[8.93852,44.40244],[8.93874,44.40259],[8.93884,44.40266]]}},{"type":"Feature","properties":{"color":"#98ca1e","style":"fine"},"geometry":{"type":"LineString","coordinates":[[8.94289,44.39654],[8.94235,44.39661]]}},{"type":"Feature","properties":{"color":"#a3cc1a","style":"fine"},"geometry":{"type":"LineString","coordinates":[[8.93673,44.40715],[8.93615,44.40729],[8.93562,44.40742],[8.93532,44.40749],[8.93516,44.40753]]}},{"type":"Feature","properties":{"color":"#d3d60a","style":"fine"},"geometry":{"type":"LineString","coordinates":[[8.93642,44.40494],[8.9365,44.40508]]}},{"type":"Feature","properties":{"color":"#ee7428","style":"fine"},"geometry":{"type":"LineString","coordinates":[[8.93016,44.4035],[8.93019,44.40329],[8.93035,44.40313]]}},{"type":"Feature","properties":{"color":"#f08b28","style":"fine"},"geometry":{"type":"LineString","coordinates":[[8.93131,44.4025],[8.93178,44.40277],[8.93204,44.40289],[8.93218,44.40292]]}},{"type":"Feature","properties":{"color":"#f08928","style":"fine"},"geometry":{"type":"LineString","coordinates":[[8.93221,44.40098],[8.93219,44.40122],[8.9317,44.40196]]}},{"type":"Feature","properties":{"color":"#a9cd18","style":"fine"},"geometry":{"type":"LineString","coordinates":[[8.93173,44.40331],[8.93199,44.40308],[8.93214,44.40299]]}},{"type":"Feature","properties":{"color":"#8bc723","style":"fine"},"geometry":{"type":"LineString","coordinates":[[8.93147,44.40333],[8.93147,44.40333]]}},{"type":"Feature","properties":{"color":"#b3cf15","style":"fine"},"geometry":{"type":"LineString","coordinates":[[8.93226,44.40294],[8.93226,44.40298]]}},{"type":"Feature","properties":{"color":"#f08b28","style":"fine"},"geometry":{"type":"LineString","coordinates":[[8.9507,44.40887],[8.9507,44.40876]]}},{"type":"Feature","properties":{"color":"#f09528","style":"fine"},"geometry":{"type":"LineString","coordinates":[[8.92753,44.40729],[8.92739,44.40698],[8.92741,44.4068]]}},{"type":"Feature","properties":{"color":"#bed211","style":"fine"},"geometry":{"type":"LineString","coordinates":[[8.9521,44.39939],[8.95239,44.39932],[8.9527,44.39924],[8.9532,44.39912]]}},{"type":"Feature","properties":{"color":"#98ca1e","style":"fine"},"geometry":{"type":"LineString","coordinates":[[8.93436,44.40668],[8.93444,44.40657]]}},{"type":"Feature","properties":{"color":"#abce17","style":"fine"},"geometry":{"type":"LineString","coordinates":[[8.94519,44.40036],[8.94512,44.40022]]}},{"type":"Feature","properties":{"color":"#cbd40c","style":"fine"},"geometry":{"type":"LineString","coordinates":[[8.94714,44.40597],[8.94719,44.40582]]}},{"type":"Feature","properties":{"color":"#c2d20f","style":"fine"},"geometry":{"type":"LineString","coordinates":[[8.94326,44.40158],[8.94383,44.40143],[8.94442,44.40128],[8.945,44.40112],[8.94501,44.40112]]}},{"type":"Feature","properties":{"color":"#a3cc1a","style":"fine"},"geometry":{"type":"LineString","coordinates":[[8.94424,44.40884],[8.94442,44.4087],[8.94456,44.40851]]}},{"type":"Feature","properties":{"color":"#c8d40d","style":"fine"},"geometry":{"type":"LineString","coordinates":[[8.9463,44.40559],[8.94622,44.40561]]}},{"type":"Feature","properties":{"color":"#b1cf15","style":"fine"},"geometry":{"type":"LineString","coordinates":[[8.95497,44.39515],[8.95473,44.39533],[8.95468,44.39535]]}},{"type":"Feature","properties":{"color":"#c2d20f","style":"fine"},"geometry":{"type":"LineString","coordinates":[[8.95461,44.39587],[8.95449,44.39548],[8.95447,44.39545]]}},{"type":"Feature","properties":{"color":"#76c32a","style":"fine"},"geometry":{"type":"LineString","coordinates":[[8.92753,44.40615],[8.92758,44.40596],[8.92771,44.4057]]}},{"type":"Feature","properties":{"color":"#9aca1d","style":"fine"},"geometry":{"type":"LineString","coordinates":[[8.94563,44.40035],[8.94589,44.4009]]}},{"type":"Feature","properties":{"color":"#8bc723","style":"fine"},"geometry":{"type":"LineString","coordinates":[[8.94792,44.40585],[8.94768,44.40586]]}},{"type":"Feature","properties":{"color":"#89c724","style":"fine"},"geometry":{"type":"LineString","coordinates":[[8.93886,44.41036],[8.93854,44.41029]]}},{"type":"Feature","properties":{"color":"#c2d210","style":"fine"},"geometry":{"type":"LineString","coordinates":[[8.93856,44.41007],[8.93844,44.41025],[8.93835,44.41028]]}},{"type":"Feature","properties":{"color":"#9dcb1c","style":"fine"},"geometry":{"type":"LineString","coordinates":[[8.93391,44.41158],[8.93397,44.41156]]}},{"type":"Feature","properties":{"color":"#abce18","style":"fine"},"geometry":{"type":"LineString","coordinates":[[8.92687,44.41281],[8.92713,44.41254],[8.92747,44.41214],[8.92779,44.41173],[8.92791,44.41156]]}},{"type":"Feature","properties":{"color":"#b4d014","style":"fine"},"geometry":{"type":"LineString","coordinates":[[8.93589,44.40559],[8.93576,44.4054]]}},{"type":"Feature","properties":{"color":"#98ca1e","style":"fine"},"geometry":{"type":"LineString","coordinates":[[8.93647,44.40666],[8.9373,44.40645],[8.93748,44.40641]]}},{"type":"Feature","properties":{"color":"#8dc822","style":"fine"},"geometry":{"type":"LineString","coordinates":[[8.95397,44.40183],[8.95403,44.40171]]}},{"type":"Feature","properties":{"color":"#b0cf16","style":"fine"},"geometry":{"type":"LineString","coordinates":[[8.92801,44.4116],[8.92781,44.41186],[8.92762,44.4121],[8.92746,44.41229],[8.92732,44.41245],[8.92704,44.41277],[8.9269,44.41289]]}},{"type":"Feature","properties":{"color":"#afcf16","style":"fine"},"geometry":{"type":"LineString","coordinates":[[8.95401,44.40112],[8.95391,44.40096]]}},{"type":"Feature","properties":{"color":"#abce17","style":"fine"},"geometry":{"type":"LineString","coordinates":[[8.95436,44.401],[8.95419,44.40114]]}},{"type":"Feature","properties":{"color":"#b4d014","style":"fine"},"geometry":{"type":"LineString","coordinates":[[8.94404,44.40408],[8.94418,44.40434],[8.94427,44.40451]]}},{"type":"Feature","properties":{"color":"#8ac723","style":"fine"},"geometry":{"type":"LineString","coordinates":[[8.93496,44.40736],[8.93489,44.4073]]}},{"type":"Feature","properties":{"color":"#b9d112","style":"fine"},"geometry":{"type":"LineString","coordinates":[[8.93489,44.4073],[8.93476,44.40717]]}},{"type":"Feature","properties":{"color":"#8cc822","style":"fine"},"geometry":{"type":"LineString","coordinates":[[8.93863,44.40726],[8.93882,44.40713],[8.93869,44.40697]]}},{"type":"Feature","properties":{"color":"#c3d30f","style":"fine"},"geometry":{"type":"LineString","coordinates":[[8.9551,44.41121],[8.95532,44.41164],[8.95549,44.41199],[8.95569,44.41241],[8.95592,44.4129],[8.95612,44.41331]]}},{"type":"Feature","properties":{"color":"#c1d210","style":"fine"},"geometry":{"type":"LineString","coordinates":[[8.95014,44.40088],[8.94975,44.40004],[8.94971,44.39995]]}},{"type":"Feature","properties":{"color":"#a4cc1a","style":"fine"},"geometry":{"type":"LineString","coordinates":[[8.95053,44.40171],[8.95017,44.40094],[8.95014,44.40088]]}},{"type":"Feature","properties":{"color":"#85c625","style":"fine"},"geometry":{"type":"LineString","coordinates":[[8.94971,44.39995],[8.94904,44.39856],[8.94893,44.39832],[8.94889,44.39823]]}},{"type":"Feature","properties":{"color":"#e4d904","style":"fine"},"geometry":{"type":"LineString","coordinates":[[8.95243,44.40751],[8.95286,44.40738],[8.95293,44.40736]]}},{"type":"Feature","properties":{"color":"#c0d210","style":"fine"},"geometry":{"type":"LineString","coordinates":[[8.94855,44.39771],[8.94848,44.3976]]}},{"type":"Feature","properties":{"color":"#78c429","style":"fine"},"geometry":{"type":"LineString","coordinates":[[8.94946,44.40747],[8.9497,44.40773],[8.95003,44.40808],[8.95025,44.4083],[8.95028,44.40832]]}},{"type":"Feature","properties":{"color":"#d4d609","style":"fine"},"geometry":{"type":"LineString","coordinates":[[8.94983,44.39992],[8.95037,44.3998],[8.95083,44.39969],[8.95108,44.39963],[8.9521,44.39939]]}},{"type":"Feature","properties":{"color":"#b5d014","style":"fine"},"geometry":{"type":"LineString","coordinates":[[8.94957,44.39998],[8.949,44.40012],[8.94859,44.40022],[8.9485,44.40024]]}},{"type":"Feature","properties":{"color":"#a3cc1a","style":"fine"},"geometry":{"type":"LineString","coordinates":[[8.95201,44.40485],[8.95139,44.40496],[8.95086,44.40508],[8.95024,44.40524],[8.94978,44.40537],[8.94938,44.40548]]}},{"type":"Feature","properties":{"color":"#a1cc1b","style":"fine"},"geometry":{"type":"LineString","coordinates":[[8.93303,44.40018],[8.93279,44.4004],[8.9326,44.40053],[8.93241,44.40072],[8.93227,44.40089],[8.93216,44.40106],[8.93161,44.40188],[8.93158,44.40191]]}},{"type":"Feature","properties":{"color":"#97ca1e","style":"fine"},"geometry":{"type":"LineString","coordinates":[[8.93634,44.39819],[8.93611,44.39827],[8.93576,44.39839],[8.93544,44.39851],[8.93434,44.39889],[8.93404,44.39902],[8.93383,44.39918],[8.9337,44.39934],[8.93342,44.3997]]}},{"type":"Feature","properties":{"color":"#a8cd18","style":"fine"},"geometry":{"type":"LineString","coordinates":[[8.95375,44.39517],[8.95396,44.39526],[8.95431,44.39528],[8.95435,44.39528]]}},{"type":"Feature","properties":{"color":"#d9d707","style":"fine"},"geometry":{"type":"LineString","coordinates":[[8.95457,44.3951],[8.95459,44.39522]]}},{"type":"Feature","properties":{"color":"#d8d708","style":"fine"},"geometry":{"type":"LineString","coordinates":[[8.93893,44.40301],[8.93882,44.40285]]}},{"type":"Feature","properties":{"color":"#a0cc1b","style":"fine"},"geometry":{"type":"LineString","coordinates":[[8.93855,44.41013],[8.93854,44.41029]]}},{"type":"Feature","properties":{"color":"#81c526","style":"fine"},"geometry":{"type":"LineString","coordinates":[[8.93835,44.41028],[8.9381,44.41027],[8.93798,44.41019]]}},{"type":"Feature","properties":{"color":"#9fcb1c","style":"fine"},"geometry":{"type":"LineString","coordinates":[[8.94449,44.3996],[8.94434,44.39936],[8.94383,44.39849],[8.94353,44.398],[8.94332,44.39764],[8.94317,44.39742],[8.94285,44.3972],[8.94265,44.39708],[8.94234,44.39692],[8.94205,44.39681],[8.94169,44.39683],[8.94133,44.39691],[8.94091,44.39701],[8.94059,44.39712],[8.94035,44.39723],[8.93999,44.39744],[8.93971,44.39756],[8.93945,44.39764],[8.93874,44.39774],[8.93761,44.3979],[8.93705,44.39799],[8.93676,44.39805],[8.93634,44.39819]]}},{"type":"Feature","properties":{"color":"#8fc821","style":"fine"},"geometry":{"type":"LineString","coordinates":[[8.93334,44.3998],[8.93303,44.40018]]}},{"type":"Feature","properties":{"color":"#d7d708","style":"fine"},"geometry":{"type":"LineString","coordinates":[[8.93557,44.39935],[8.93532,44.39927],[8.93519,44.39925]]}},{"type":"Feature","properties":{"color":"#78c429","style":"fine"},"geometry":{"type":"LineString","coordinates":[[8.92794,44.40545],[8.92779,44.40571],[8.92768,44.40597],[8.92762,44.4062],[8.92762,44.40652],[8.92769,44.40672]]}},{"type":"Feature","properties":{"color":"#8ac723","style":"fine"},"geometry":{"type":"LineString","coordinates":[[8.92796,44.40729],[8.92839,44.4081]]}},{"type":"Feature","properties":{"color":"#85c625","style":"fine"},"geometry":{"type":"LineString","coordinates":[[8.92741,44.40655],[8.92753,44.40641]]}},{"type":"Feature","properties":{"color":"#a8cd18","style":"fine"},"geometry":{"type":"LineString","coordinates":[[8.93528,44.40465],[8.93513,44.4044]]}},{"type":"Feature","properties":{"color":"#8cc822","style":"fine"},"geometry":{"type":"LineString","coordinates":[[8.9351,44.40435],[8.93504,44.40425]]}},{"type":"Feature","properties":{"color":"#9ecb1c","style":"fine"},"geometry":{"type":"LineString","coordinates":[[8.93504,44.40425],[8.93487,44.40407]]}},{"type":"Feature","properties":{"color":"#91c921","style":"fine"},"geometry":{"type":"LineString","coordinates":[[8.93478,44.404],[8.9346,44.40388],[8.93417,44.40365],[8.93368,44.40343]]}},{"type":"Feature","properties":{"color":"#a3cc1a","style":"fine"},"geometry":{"type":"LineString","coordinates":[[8.93487,44.40407],[8.93478,44.404]]}},{"type":"Feature","properties":{"color":"#bbd112","style":"fine"},"geometry":{"type":"LineString","coordinates":[[8.95428,44.40997],[8.9541,44.40957],[8.95399,44.40935],[8.95387,44.40911],[8.95372,44.40879],[8.95349,44.4083]]}},{"type":"Feature","properties":{"color":"#d4d609","style":"fine"},"geometry":{"type":"LineString","coordinates":[[8.93533,44.40568],[8.93552,44.40553],[8.93576,44.4054]]}},{"type":"Feature","properties":{"color":"#72c22b","style":"fine"},"geometry":{"type":"LineString","coordinates":[[8.93382,44.41161],[8.93357,44.41173],[8.93209,44.41242],[8.93184,44.41253],[8.93156,44.41267],[8.93097,44.41295]]}},{"type":"Feature","properties":{"color":"#8ac723","style":"fine"},"geometry":{"type":"LineString","coordinates":[[8.94662,44.40342],[8.94607,44.40217],[8.94604,44.4021]]}},{"type":"Feature","properties":{"color":"#e86728","style":"fine"},"geometry":{"type":"LineString","coordinates":[[8.94365,44.39689],[8.9435,44.39666],[8.9433,44.39654],[8.94305,44.39652],[8.94289,44.39654]]}},{"type":"Feature","properties":{"color":"#aece17","style":"fine"},"geometry":{"type":"LineString","coordinates":[[8.93773,44.41016],[8.93751,44.4103],[8.9374,44.41038]]}},{"type":"Feature","properties":{"color":"#88c724","style":"fine"},"geometry":{"type":"LineString","coordinates":[[8.94543,44.40084],[8.94523,44.40069],[8.945,44.40045],[8.94491,44.40031]]}},{"type":"Feature","properties":{"color":"#a6cd19","style":"fine"},"geometry":{"type":"LineString","coordinates":[[8.92788,44.40733],[8.9277,44.40697],[8.92763,44.40679],[8.92753,44.40651],[8.92753,44.40641]]}},{"type":"Feature","properties":{"color":"#9ccb1d","style":"fine"},"geometry":{"type":"LineString","coordinates":[[8.93698,44.40762],[8.93691,44.40748]]}},{"type":"Feature","properties":{"color":"#afcf16","style":"fine"},"geometry":{"type":"LineString","coordinates":[[8.94609,44.40131],[8.94614,44.40143]]}},{"type":"Feature","properties":{"color":"#73c32b","style":"fine"},"geometry":{"type":"LineString","coordinates":[[8.94642,44.40207],[8.94642,44.40209]]}},{"type":"Feature","properties":{"color":"#e2d904","style":"fine"},"geometry":{"type":"LineString","coordinates":[[8.948,44.3966],[8.94776,44.39608],[8.94754,44.39562],[8.9475,44.39554]]}},{"type":"Feature","properties":{"color":"#aace18","style":"fine"},"geometry":{"type":"LineString","coordinates":[[8.94823,44.39656],[8.94845,44.39704]]}},{"type":"Feature","properties":{"color":"#8cc822","style":"fine"},"geometry":{"type":"LineString","coordinates":[[8.94845,44.39704],[8.94872,44.39761]]}},{"type":"Feature","properties":{"color":"#7cc428","style":"fine"},"geometry":{"type":"LineString","coordinates":[[8.93638,44.4065],[8.93616,44.40608],[8.93612,44.40601]]}},{"type":"Feature","properties":{"color":"#acce17","style":"fine"},"geometry":{"type":"LineString","coordinates":[[8.93643,44.40658],[8.93642,44.40657]]}},{"type":"Feature","properties":{"color":"#bed211","style":"fine"},"geometry":{"type":"LineString","coordinates":[[8.93652,44.40675],[8.93647,44.40666]]}},{"type":"Feature","properties":{"color":"#9fcb1c","style":"fine"},"geometry":{"type":"LineString","coordinates":[[8.93656,44.40682],[8.93652,44.40675]]}},{"type":"Feature","properties":{"color":"#d9d707","style":"fine"},"geometry":{"type":"LineString","coordinates":[[8.93931,44.40597],[8.93956,44.40591],[8.93962,44.4059]]}},{"type":"Feature","properties":{"color":"#94c920","style":"fine"},"geometry":{"type":"LineString","coordinates":[[8.93748,44.40641],[8.93931,44.40597]]}},{"type":"Feature","properties":{"color":"#98ca1e","style":"fine"},"geometry":{"type":"LineString","coordinates":[[8.93437,44.40681],[8.93436,44.40668]]}},{"type":"Feature","properties":{"color":"#80c527","style":"fine"},"geometry":{"type":"LineString","coordinates":[[8.94494,44.40459],[8.94552,44.40444]]}},{"type":"Feature","properties":{"color":"#b9d113","style":"fine"},"geometry":{"type":"LineString","coordinates":[[8.955,44.39508],[8.95497,44.39515]]}},{"type":"Feature","properties":{"color":"#a4cc1a","style":"fine"},"geometry":{"type":"LineString","coordinates":[[8.93756,44.4065],[8.93759,44.40657]]}},{"type":"Feature","properties":{"color":"#d4d609","style":"fine"},"geometry":{"type":"LineString","coordinates":[[8.93748,44.40641],[8.93756,44.4065]]}},{"type":"Feature","properties":{"color":"#90c821","style":"fine"},"geometry":{"type":"LineString","coordinates":[[8.94235,44.39661],[8.94193,44.39666],[8.94149,44.39674],[8.94114,44.3968],[8.94081,44.39686],[8.94041,44.39698],[8.94019,44.39706],[8.93991,44.39721],[8.93941,44.39742],[8.93914,44.3975],[8.93888,44.39756],[8.93857,44.39762],[8.93652,44.39787],[8.93623,44.39792],[8.93586,44.398],[8.93548,44.39811],[8.93499,44.39829],[8.93453,44.3985],[8.93405,44.39874],[8.93379,44.3989],[8.93346,44.39919],[8.93325,44.39944],[8.93295,44.39986],[8.93277,44.40005],[8.93216,44.40061],[8.93201,44.40078],[8.93152,44.40152],[8.93117,44.40207],[8.93103,44.40229],[8.93081,44.40257],[8.9305,44.40287],[8.9299,44.4035],[8.92964,44.40377],[8.92935,44.40404],[8.92845,44.40485],[8.92823,44.40506],[8.92807,44.40523],[8.92792,44.40541],[8.9278,44.40561],[8.92767,44.40588],[8.92758,44.40625],[8.92756,44.40648],[8.92757,44.40672],[8.92766,44.40706],[8.92812,44.40807],[8.92817,44.40839],[8.9282,44.40934],[8.92824,44.41025],[8.92824,44.41045],[8.92821,44.41068],[8.92811,44.411],[8.92798,44.41131],[8.92786,44.4115],[8.92764,44.41178],[8.92733,44.4122],[8.92714,44.41244],[8.92688,44.41271],[8.92662,44.41292],[8.92627,44.41316],[8.92605,44.4133],[8.92537,44.41372],[8.9245,44.41427],[8.92406,44.41455],[8.92365,44.41477],[8.92322,44.41496],[8.92296,44.41506],[8.92271,44.41514],[8.92225,44.41526],[8.92188,44.41534],[8.92111,44.41546],[8.92077,44.41548],[8.9204,44.41545],[8.9198,44.41533],[8.91911,44.41519],[8.91872,44.4151],[8.91846,44.41505],[8.91804,44.415],[8.91769,44.41495],[8.91734,44.41487],[8.91615,44.41465],[8.91571,44.41458],[8.91541,44.41455],[8.91498,44.41451],[8.91452,44.41446],[8.91402,44.41435],[8.91353,44.41419],[8.91321,44.41408],[8.91291,44.41397],[8.91264,44.41384],[8.91176,44.41344],[8.91116,44.41316],[8.91085,44.41302],[8.91046,44.41284],[8.91018,44.41269],[8.90995,44.41255],[8.90972,44.41237],[8.90938,44.41202],[8.90916,44.41181],[8.90886,44.41158],[8.90864,44.41144],[8.90842,44.41131],[8.9081,44.41115],[8.90782,44.41104],[8.90735,44.41089],[8.90619,44.41056],[8.90539,44.41032]]}},{"type":"Feature","properties":{"color":"#f0a028","style":"fine"},"geometry":{"type":"LineString","coordinates":[[8.9315,44.40224],[8.93168,44.40244],[8.93188,44.40256],[8.93222,44.40277]]}},{"type":"Feature","properties":{"color":"#f07a28","style":"fine"},"geometry":{"type":"LineString","coordinates":[[8.93024,44.40291],[8.93053,44.40259],[8.93069,44.40245],[8.93097,44.40235],[8.93117,44.40233]]}},{"type":"Feature","properties":{"color":"#a4cc1a","style":"fine"},"geometry":{"type":"LineString","coordinates":[[8.95034,44.40839],[8.95028,44.40832]]}},{"type":"Feature","properties":{"color":"#d4d609","style":"fine"},"geometry":{"type":"LineString","coordinates":[[8.93455,44.40645],[8.93464,44.40636]]}},{"type":"Feature","properties":{"color":"#8ec822","style":"fine"},"geometry":{"type":"LineString","coordinates":[[8.94392,44.39662],[8.94407,44.39694],[8.94426,44.39737],[8.94431,44.39748]]}},{"type":"Feature","properties":{"color":"#a8cd18","style":"fine"},"geometry":{"type":"LineString","coordinates":[[8.94389,44.40907],[8.94371,44.40912]]}},{"type":"Feature","properties":{"color":"#bed211","style":"fine"},"geometry":{"type":"LineString","coordinates":[[8.94359,44.40906],[8.94367,44.40904]]}},{"type":"Feature","properties":{"color":"#bad112","style":"fine"},"geometry":{"type":"LineString","coordinates":[[8.94389,44.40907],[8.94367,44.40904]]}},{"type":"Feature","properties":{"color":"#89c724","style":"fine"},"geometry":{"type":"LineString","coordinates":[[8.94574,44.40671],[8.94597,44.40655]]}},{"type":"Feature","properties":{"color":"#9bcb1d","style":"fine"},"geometry":{"type":"LineString","coordinates":[[8.94423,44.40885],[8.94424,44.40884]]}},{"type":"Feature","properties":{"color":"#b8d013","style":"fine"},"geometry":{"type":"LineString","coordinates":[[8.93778,44.41002],[8.93773,44.41016]]}},{"type":"Feature","properties":{"color":"#7cc428","style":"fine"},"geometry":{"type":"LineString","coordinates":[[8.93778,44.41002],[8.938,44.40993]]}},{"type":"Feature","properties":{"color":"#bbd112","style":"fine"},"geometry":{"type":"LineString","coordinates":[[8.94865,44.3979],[8.94855,44.39771]]}},{"type":"Feature","properties":{"color":"#b1cf15","style":"fine"},"geometry":{"type":"LineString","coordinates":[[8.94889,44.39823],[8.94868,44.39797],[8.94865,44.3979]]}},{"type":"Feature","properties":{"color":"#98ca1e","style":"fine"},"geometry":{"type":"LineString","coordinates":[[8.94549,44.40098],[8.94531,44.40128],[8.94514,44.40143],[8.94475,44.40158]]}},{"type":"Feature","properties":{"color":"#84c625","style":"fine"},"geometry":{"type":"LineString","coordinates":[[8.92771,44.4057],[8.92785,44.40551],[8.92794,44.40545]]}},{"type":"Feature","properties":{"color":"#d1d50a","style":"fine"},"geometry":{"type":"LineString","coordinates":[[8.95028,44.40832],[8.95048,44.40837]]}},{"type":"Feature","properties":{"color":"#a7cd19","style":"fine"},"geometry":{"type":"LineString","coordinates":[[8.94475,44.40158],[8.94389,44.4018],[8.94359,44.40188],[8.94303,44.40202]]}},{"type":"Feature","properties":{"color":"#8ac723","style":"fine"},"geometry":{"type":"LineString","coordinates":[[8.94387,44.39639],[8.94371,44.39653],[8.94354,44.39654]]}},{"type":"Feature","properties":{"color":"#b3cf15","style":"fine"},"geometry":{"type":"LineString","coordinates":[[8.93444,44.40657],[8.93455,44.40645]]}},{"type":"Feature","properties":{"color":"#99ca1e","style":"fine"},"geometry":{"type":"LineString","coordinates":[[8.95747,44.40475],[8.95689,44.40475],[8.9562,44.40475],[8.95557,44.40476],[8.95511,44.40475],[8.95503,44.40475]]}},{"type":"Feature","properties":{"color":"#afcf16","style":"fine"},"geometry":{"type":"LineString","coordinates":[[8.95419,44.40114],[8.95401,44.40112]]}},{"type":"Feature","properties":{"color":"#c5d30f","style":"fine"},"geometry":{"type":"LineString","coordinates":[[8.95427,44.40086],[8.95436,44.401]]}},{"type":"Feature","properties":{"color":"#d4d609","style":"fine"},"geometry":{"type":"LineString","coordinates":[[8.95415,44.40069],[8.95427,44.40086]]}},{"type":"Feature","properties":{"color":"#b6d014","style":"fine"},"geometry":{"type":"LineString","coordinates":[[8.95419,44.40083],[8.95427,44.40086]]}},{"type":"Feature","properties":{"color":"#8bc723","style":"fine"},"geometry":{"type":"LineString","coordinates":[[8.95391,44.40096],[8.95392,44.40094]]}},{"type":"Feature","properties":{"color":"#9dcb1d","style":"fine"},"geometry":{"type":"LineString","coordinates":[[8.93522,44.41142],[8.93487,44.41149],[8.93473,44.4115]]}},{"type":"Feature","properties":{"color":"#a7cd19","style":"fine"},"geometry":{"type":"LineString","coordinates":[[8.93548,44.4069],[8.93593,44.40679],[8.93635,44.40669],[8.93647,44.40666]]}},{"type":"Feature","properties":{"color":"#9aca1d","style":"fine"},"geometry":{"type":"LineString","coordinates":[[8.95444,44.40117],[8.95447,44.40123]]}},{"type":"Feature","properties":{"color":"#9aca1d","style":"fine"},"geometry":{"type":"LineString","coordinates":[[8.94671,44.4061],[8.94714,44.40597]]}},{"type":"Feature","properties":{"color":"#dad707","style":"fine"},"geometry":{"type":"LineString","coordinates":[[8.94553,44.40579],[8.94519,44.40588],[8.94502,44.40593]]}},{"type":"Feature","properties":{"color":"#b2cf15","style":"fine"},"geometry":{"type":"LineString","coordinates":[[8.94789,44.40523],[8.94793,44.4054]]}},{"type":"Feature","properties":{"color":"#c9d40d","style":"fine"},"geometry":{"type":"LineString","coordinates":[[8.93464,44.40636],[8.935,44.40598],[8.93527,44.40574]]}},{"type":"Feature","properties":{"color":"#acce17","style":"fine"},"geometry":{"type":"LineString","coordinates":[[8.95468,44.39535],[8.95465,44.39541]]}},{"type":"Feature","properties":{"color":"#a8cd18","style":"fine"},"geometry":{"type":"LineString","coordinates":[[8.95465,44.39541],[8.95447,44.39545]]}},{"type":"Feature","properties":{"color":"#eada01","style":"fine"},"geometry":{"type":"LineString","coordinates":[[8.95464,44.39525],[8.95468,44.39535]]}},{"type":"Feature","properties":{"color":"#6ac12e","style":"fine"},"geometry":{"type":"LineString","coordinates":[[8.92753,44.40641],[8.92753,44.40617]]}},{"type":"Feature","properties":{"color":"#b8d013","style":"fine"},"geometry":{"type":"LineString","coordinates":[[8.94543,44.40084],[8.94519,44.40036]]}},{"type":"Feature","properties":{"color":"#9fcb1c","style":"fine"},"geometry":{"type":"LineString","coordinates":[[8.93539,44.40183],[8.93565,44.40214]]}},{"type":"Feature","properties":{"color":"#d3d60a","style":"fine"},"geometry":{"type":"LineString","coordinates":[[8.93873,44.40276],[8.93884,44.40266]]}},{"type":"Feature","properties":{"color":"#b2cf15","style":"fine"},"geometry":{"type":"LineString","coordinates":[[8.93884,44.40266],[8.93902,44.40271]]}},{"type":"Feature","properties":{"color":"#76c32a","style":"fine"},"geometry":{"type":"LineString","coordinates":[[8.93571,44.40534],[8.93559,44.40515]]}},{"type":"Feature","properties":{"color":"#bad112","style":"fine"},"geometry":{"type":"LineString","coordinates":[[8.95448,44.40991],[8.95469,44.41034],[8.95506,44.41112],[8.9551,44.41121]]}},{"type":"Feature","properties":{"color":"#a6cd19","style":"fine"},"geometry":{"type":"LineString","coordinates":[[8.94614,44.40143],[8.94618,44.40167],[8.94621,44.40186],[8.94593,44.40187]]}},{"type":"Feature","properties":{"color":"#99ca1e","style":"fine"},"geometry":{"type":"LineString","coordinates":[[8.94604,44.4021],[8.94627,44.40201],[8.94642,44.40207]]}},{"type":"Feature","properties":{"color":"#76c32a","style":"fine"},"geometry":{"type":"LineString","coordinates":[[8.94558,44.40023],[8.94563,44.40035]]}},{"type":"Feature","properties":{"color":"#88c724","style":"fine"},"geometry":{"type":"LineString","coordinates":[[8.94601,44.40203],[8.94593,44.40187]]}},{"type":"Feature","properties":{"color":"#8fc821","style":"fine"},"geometry":{"type":"LineString","coordinates":[[8.94384,44.39627],[8.94387,44.39639]]}},{"type":"Feature","properties":{"color":"#77c32a","style":"fine"},"geometry":{"type":"LineString","coordinates":[[8.94872,44.39525],[8.94783,44.39546]]}},{"type":"Feature","properties":{"color":"#7fc527","style":"fine"},"geometry":{"type":"LineString","coordinates":[[8.94772,44.39548],[8.9475,44.39554]]}},{"type":"Feature","properties":{"color":"#bbd112","style":"fine"},"geometry":{"type":"LineString","coordinates":[[8.95434,44.39538],[8.95435,44.39528]]}},{"type":"Feature","properties":{"color":"#ecdb01","style":"fine"},"geometry":{"type":"LineString","coordinates":[[8.95447,44.39545],[8.95434,44.39538]]}},{"type":"Feature","properties":{"color":"#cad40d","style":"fine"},"geometry":{"type":"LineString","coordinates":[[8.94501,44.40112],[8.94513,44.40092],[8.94501,44.40048],[8.945,44.40045]]}},{"type":"Feature","properties":{"color":"#9ccb1d","style":"fine"},"geometry":{"type":"LineString","coordinates":[[8.94593,44.40187],[8.9458,44.4016]]}},{"type":"Feature","properties":{"color":"#93c920","style":"fine"},"geometry":{"type":"LineString","coordinates":[[8.94639,44.4042],[8.9467,44.40412],[8.94691,44.40406]]}},{"type":"Feature","properties":{"color":"#b2cf15","style":"fine"},"geometry":{"type":"LineString","coordinates":[[8.94703,44.40431],[8.94691,44.40406]]}},{"type":"Feature","properties":{"color":"#9fcb1c","style":"fine"},"geometry":{"type":"LineString","coordinates":[[8.94729,44.40396],[8.94763,44.40388]]}},{"type":"Feature","properties":{"color":"#b5d014","style":"fine"},"geometry":{"type":"LineString","coordinates":[[8.94838,44.41026],[8.94872,44.41039],[8.94896,44.41056],[8.94914,44.41114],[8.94918,44.41133],[8.94916,44.41158],[8.94906,44.41184],[8.94887,44.41232],[8.94895,44.41281],[8.94906,44.41337],[8.94911,44.41363],[8.94912,44.4138]]}},{"type":"Feature","properties":{"color":"#7ec527","style":"fine"},"geometry":{"type":"LineString","coordinates":[[8.9475,44.39554],[8.94645,44.39579]]}},{"type":"Feature","properties":{"color":"#afcf16","style":"fine"},"geometry":{"type":"LineString","coordinates":[[8.94777,44.39532],[8.94855,44.39513],[8.94865,44.3951]]}},{"type":"Feature","properties":{"color":"#abce18","style":"fine"},"geometry":{"type":"LineString","coordinates":[[8.95243,44.40574],[8.95207,44.40498],[8.95201,44.40485]]}},{"type":"Feature","properties":{"color":"#a1cc1b","style":"fine"},"geometry":{"type":"LineString","coordinates":[[8.94883,44.39785],[8.94894,44.39811]]}},{"type":"Feature","properties":{"color":"#a7cd19","style":"fine"},"geometry":{"type":"LineString","coordinates":[[8.95632,44.40659],[8.95598,44.40667],[8.9554,44.40682]]}},{"type":"Feature","properties":{"color":"#bfd211","style":"fine"},"geometry":{"type":"LineString","coordinates":[[8.94427,44.40451],[8.94439,44.40473]]}},{"type":"Feature","properties":{"color":"#a0cc1b","style":"fine"},"geometry":{"type":"LineString","coordinates":[[8.94398,44.40396],[8.94404,44.40408]]}},{"type":"Feature","properties":{"color":"#83c625","style":"fine"},"geometry":{"type":"LineString","coordinates":[[8.94456,44.40851],[8.94465,44.40835]]}},{"type":"Feature","properties":{"color":"#a3cc1a","style":"fine"},"geometry":{"type":"LineString","coordinates":[[8.93738,44.40124],[8.93714,44.40099]]}},{"type":"Feature","properties":{"color":"#96ca1f","style":"fine"},"geometry":{"type":"LineString","coordinates":[[8.93714,44.40099],[8.93691,44.40075],[8.93683,44.40067]]}},{"type":"Feature","properties":{"color":"#a3cc1a","style":"fine"},"geometry":{"type":"LineString","coordinates":[[8.9354,44.39915],[8.93515,44.39927]]}},{"type":"Feature","properties":{"color":"#a9cd18","style":"fine"},"geometry":{"type":"LineString","coordinates":[[8.93866,44.40934],[8.93837,44.40872],[8.93827,44.40862]]}},{"type":"Feature","properties":{"color":"#97ca1f","style":"fine"},"geometry":{"type":"LineString","coordinates":[[8.93527,44.40574],[8.93533,44.40568]]}},{"type":"Feature","properties":{"color":"#b2cf15","style":"fine"},"geometry":{"type":"LineString","coordinates":[[8.93612,44.40601],[8.93589,44.40559]]}},{"type":"Feature","properties":{"color":"#99ca1e","style":"fine"},"geometry":{"type":"LineString","coordinates":[[8.93394,44.40026],[8.93375,44.40004]]}},{"type":"Feature","properties":{"color":"#a3cc1a","style":"fine"},"geometry":{"type":"LineString","coordinates":[[8.93375,44.40004],[8.93348,44.39976],[8.93342,44.3997]]}},{"type":"Feature","properties":{"color":"#b0cf16","style":"fine"},"geometry":{"type":"LineString","coordinates":[[8.95389,44.40717],[8.95341,44.40727]]}},{"type":"Feature","properties":{"color":"#f09928","style":"fine"},"geometry":{"type":"LineString","coordinates":[[8.9317,44.40196],[8.93161,44.4021]]}},{"type":"Feature","properties":{"color":"#f08a28","style":"fine"},"geometry":{"type":"LineString","coordinates":[[8.93208,44.40093],[8.93227,44.40089]]}},{"type":"Feature","properties":{"color":"#6dc12d","style":"fine"},"geometry":{"type":"LineString","coordinates":[[8.93368,44.40343],[8.93326,44.40325],[8.93256,44.40295],[8.9323,44.40284],[8.9322,44.4028]]}},{"type":"Feature","properties":{"color":"#ef7728","style":"fine"},"geometry":{"type":"LineString","coordinates":[[8.93125,44.40264],[8.93098,44.40275]]}},{"type":"Feature","properties":{"color":"#f09028","style":"fine"},"geometry":{"type":"LineString","coordinates":[[8.93035,44.40313],[8.93093,44.40261],[8.93125,44.4025],[8.93131,44.4025]]}},{"type":"Feature","properties":{"color":"#f08a28","style":"fine"},"geometry":{"type":"LineString","coordinates":[[8.93268,44.40307],[8.93286,44.40304]]}},{"type":"Feature","properties":{"color":"#f0a228","style":"fine"},"geometry":{"type":"LineString","coordinates":[[8.93268,44.40307],[8.93244,44.40299],[8.93233,44.40297]]}},{"type":"Feature","properties":{"color":"#f07c28","style":"fine"},"geometry":{"type":"LineString","coordinates":[[8.93147,44.40187],[8.93144,44.40209],[8.9315,44.40224]]}},{"type":"Feature","properties":{"color":"#f09328","style":"fine"},"geometry":{"type":"LineString","coordinates":[[8.93396,44.40364],[8.93364,44.40347]]}},{"type":"Feature","properties":{"color":"#f0ac28","style":"fine"},"geometry":{"type":"LineString","coordinates":[[8.93364,44.40347],[8.93332,44.40332],[8.93326,44.40325]]}},{"type":"Feature","properties":{"color":"#f08a28","style":"fine"},"geometry":{"type":"LineString","coordinates":[[8.93161,44.4021],[8.93163,44.4023],[8.93182,44.40247],[8.93202,44.4026]]}},{"type":"Feature","properties":{"color":"#7dc528","style":"fine"},"geometry":{"type":"LineString","coordinates":[[8.93288,44.40305],[8.93295,44.40308]]}},{"type":"Feature","properties":{"color":"#9ecb1c","style":"fine"},"geometry":{"type":"LineString","coordinates":[[8.93807,44.40724],[8.93863,44.40726]]}},{"type":"Feature","properties":{"color":"#9ccb1d","style":"fine"},"geometry":{"type":"LineString","coordinates":[[8.93691,44.40748],[8.93689,44.40745]]}},{"type":"Feature","properties":{"color":"#7ec527","style":"fine"},"geometry":{"type":"LineString","coordinates":[[8.93761,44.40693],[8.93708,44.40706]]}},{"type":"Feature","properties":{"color":"#a0cc1b","style":"fine"},"geometry":{"type":"LineString","coordinates":[[8.93869,44.40697],[8.93837,44.40695],[8.93772,44.40693],[8.93761,44.40693]]}},{"type":"Feature","properties":{"color":"#b0cf16","style":"fine"},"geometry":{"type":"LineString","coordinates":[[8.93708,44.40706],[8.93684,44.40712],[8.93673,44.40715]]}},{"type":"Feature","properties":{"color":"#b2cf15","style":"fine"},"geometry":{"type":"LineString","coordinates":[[8.93758,44.41128],[8.93774,44.41109],[8.93783,44.41098]]}},{"type":"Feature","properties":{"color":"#94c920","style":"fine"},"geometry":{"type":"LineString","coordinates":[[8.93722,44.41168],[8.93758,44.41128]]}},{"type":"Feature","properties":{"color":"#e5d903","style":"fine"},"geometry":{"type":"LineString","coordinates":[[8.95204,44.40773],[8.95227,44.4076],[8.95243,44.40751]]}},{"type":"Feature","properties":{"color":"#c9d40d","style":"fine"},"geometry":{"type":"LineString","coordinates":[[8.95028,44.40819],[8.95048,44.40837]]}},{"type":"Feature","properties":{"color":"#99ca1e","style":"fine"},"geometry":{"type":"LineString","coordinates":[[8.94439,44.40473],[8.94494,44.40459]]}},{"type":"Feature","properties":{"color":"#9dcb1c","style":"fine"},"geometry":{"type":"LineString","coordinates":[[8.94549,44.40098],[8.94576,44.40092],[8.94589,44.4009]]}},{"type":"Feature","properties":{"color":"#76c32a","style":"fine"},"geometry":{"type":"LineString","coordinates":[[8.94636,44.40195],[8.94642,44.40207]]}},{"type":"Feature","properties":{"color":"#a6cd19","style":"fine"},"geometry":{"type":"LineString","coordinates":[[8.94604,44.4021],[8.94601,44.40203]]}},{"type":"Feature","properties":{"color":"#efdb00","style":"fine"},"geometry":{"type":"LineString","coordinates":[[8.95293,44.40736],[8.95314,44.40732]]}},{"type":"Feature","properties":{"color":"#8fc821","style":"fine"},"geometry":{"type":"LineString","coordinates":[[8.94703,44.40403],[8.94729,44.40396]]}},{"type":"Feature","properties":{"color":"#b8d013","style":"fine"},"geometry":{"type":"LineString","coordinates":[[8.94501,44.40112],[8.9452,44.40099],[8.94521,44.40079],[8.94501,44.40048]]}},{"type":"Feature","properties":{"color":"#a7cd19","style":"fine"},"geometry":{"type":"LineString","coordinates":[[8.94865,44.3951],[8.94894,44.39503],[8.9492,44.3949],[8.94956,44.39463],[8.94975,44.39446],[8.95016,44.39408],[8.95035,44.39391],[8.95086,44.39346],[8.9511,44.39324],[8.95132,44.39306],[8.95162,44.39285],[8.95197,44.39268],[8.95227,44.39261],[8.95303,44.39249],[8.95346,44.3924],[8.95367,44.39236]]}},{"type":"Feature","properties":{"color":"#cdd50c","style":"fine"},"geometry":{"type":"LineString","coordinates":[[8.95302,44.4041],[8.95275,44.40352],[8.9525,44.40297],[8.95237,44.40271],[8.95233,44.40263]]}},{"type":"Feature","properties":{"color":"#83c625","style":"fine"},"geometry":{"type":"LineString","coordinates":[[8.95302,44.4041],[8.95403,44.40386],[8.95411,44.40384]]}},{"type":"Feature","properties":{"color":"#bad112","style":"fine"},"geometry":{"type":"LineString","coordinates":[[8.94729,44.40396],[8.94741,44.40421]]}},{"type":"Feature","properties":{"color":"#90c821","style":"fine"},"geometry":{"type":"LineString","coordinates":[[8.94763,44.40388],[8.94836,44.4037]]}},{"type":"Feature","properties":{"color":"#b5d014","style":"fine"},"geometry":{"type":"LineString","coordinates":[[8.95283,44.39444],[8.953,44.39448]]}},{"type":"Feature","properties":{"color":"#e3d904","style":"fine"},"geometry":{"type":"LineString","coordinates":[[8.95136,44.39437],[8.95164,44.39435],[8.95237,44.39439],[8.95267,44.39441],[8.95283,44.39444]]}},{"type":"Feature","properties":{"color":"#acce17","style":"fine"},"geometry":{"type":"LineString","coordinates":[[8.945,44.396],[8.9464,44.39566],[8.94749,44.3954]]}},{"type":"Feature","properties":{"color":"#7bc428","style":"fine"},"geometry":{"type":"LineString","coordinates":[[8.94512,44.40022],[8.94494,44.39984],[8.94483,44.3996],[8.94467,44.39924],[8.94457,44.39901],[8.94442,44.39868],[8.94431,44.39844],[8.94422,44.39824],[8.94414,44.39806],[8.94405,44.39786],[8.94387,44.39746]]}},{"type":"Feature","properties":{"color":"#6dc12d","style":"fine"},"geometry":{"type":"LineString","coordinates":[[8.9438,44.39728],[8.94365,44.39689],[8.94361,44.3967],[8.94354,44.39654]]}},{"type":"Feature","properties":{"color":"#a7cd19","style":"fine"},"geometry":{"type":"LineString","coordinates":[[8.94589,44.40434],[8.94622,44.40425],[8.94639,44.4042]]}},{"type":"Feature","properties":{"color":"#cfd50b","style":"fine"},"geometry":{"type":"LineString","coordinates":[[8.94261,44.40517],[8.94317,44.40503],[8.94372,44.40489],[8.94405,44.40481],[8.94439,44.40473]]}},{"type":"Feature","properties":{"color":"#92c920","style":"fine"},"geometry":{"type":"LineString","coordinates":[[8.94488,44.39603],[8.945,44.396]]}},{"type":"Feature","properties":{"color":"#89c723","style":"fine"},"geometry":{"type":"LineString","coordinates":[[8.94642,44.40209],[8.94667,44.40262],[8.94699,44.40331],[8.94721,44.4038],[8.94729,44.40396]]}},{"type":"Feature","properties":{"color":"#8bc723","style":"fine"},"geometry":{"type":"LineString","coordinates":[[8.93642,44.40657],[8.93638,44.4065]]}},{"type":"Feature","properties":{"color":"#ddd806","style":"fine"},"geometry":{"type":"LineString","coordinates":[[8.95397,44.40183],[8.95413,44.40179]]}},{"type":"Feature","properties":{"color":"#f09828","style":"fine"},"geometry":{"type":"LineString","coordinates":[[8.93233,44.40297],[8.93226,44.40298]]}},{"type":"Feature","properties":{"color":"#ed7228","style":"fine"},"geometry":{"type":"LineString","coordinates":[[8.93226,44.40294],[8.93233,44.40297]]}},{"type":"Feature","properties":{"color":"#63bf31","style":"fine"},"geometry":{"type":"LineString","coordinates":[[8.94191,44.3966],[8.94219,44.39656],[8.94256,44.39651]]}},{"type":"Feature","properties":{"color":"#b8d013","style":"fine"},"geometry":{"type":"LineString","coordinates":[[8.9507,44.40887],[8.95063,44.40879]]}},{"type":"Feature","properties":{"color":"#9aca1d","style":"fine"},"geometry":{"type":"LineString","coordinates":[[8.95103,44.40869],[8.95158,44.40914],[8.952,44.40953],[8.95221,44.40976],[8.95249,44.41014],[8.95266,44.41049],[8.95272,44.41069]]}},{"type":"Feature","properties":{"color":"#a7cd19","style":"fine"},"geometry":{"type":"LineString","coordinates":[[8.95048,44.40837],[8.95058,44.40841]]}},{"type":"Feature","properties":{"color":"#dbd707","style":"fine"},"geometry":{"type":"LineString","coordinates":[[8.95432,44.40707],[8.95389,44.40717]]}},{"type":"Feature","properties":{"color":"#c1d210","style":"fine"},"geometry":{"type":"LineString","coordinates":[[8.95198,44.40436],[8.95293,44.40412],[8.95302,44.4041]]}},{"type":"Feature","properties":{"color":"#a1cc1b","style":"fine"},"geometry":{"type":"LineString","coordinates":[[8.94793,44.4054],[8.94816,44.40531]]}},{"type":"Feature","properties":{"color":"#8dc822","style":"fine"},"geometry":{"type":"LineString","coordinates":[[8.94894,44.39811],[8.94889,44.39823]]}},{"type":"Feature","properties":{"color":"#a8cd19","style":"fine"},"geometry":{"type":"LineString","coordinates":[[8.9493,44.40717],[8.94949,44.40736]]}},{"type":"Feature","properties":{"color":"#ded806","style":"fine"},"geometry":{"type":"LineString","coordinates":[[8.95063,44.40879],[8.95051,44.40887]]}},{"type":"Feature","properties":{"color":"#86c624","style":"fine"},"geometry":{"type":"LineString","coordinates":[[8.94561,44.40703],[8.94565,44.40696]]}},{"type":"Feature","properties":{"color":"#98ca1e","style":"fine"},"geometry":{"type":"LineString","coordinates":[[8.94565,44.40696],[8.94566,44.40692]]}},{"type":"Feature","properties":{"color":"#e8da02","style":"fine"},"geometry":{"type":"LineString","coordinates":[[8.95028,44.40819],[8.95025,44.4083]]}},{"type":"Feature","properties":{"color":"#89c723","style":"fine"},"geometry":{"type":"LineString","coordinates":[[8.94707,44.40442],[8.94703,44.40431]]}},{"type":"Feature","properties":{"color":"#cbd40c","style":"fine"},"geometry":{"type":"LineString","coordinates":[[8.9479,44.40526],[8.94816,44.40531]]}},{"type":"Feature","properties":{"color":"#f08328","style":"fine"},"geometry":{"type":"LineString","coordinates":[[8.93216,44.40061],[8.9321,44.40075]]}},{"type":"Feature","properties":{"color":"#b2cf15","style":"fine"},"geometry":{"type":"LineString","coordinates":[[8.94899,44.40559],[8.94869,44.40567]]}},{"type":"Feature","properties":{"color":"#94c920","style":"fine"},"geometry":{"type":"LineString","coordinates":[[8.94869,44.40567],[8.94832,44.40566],[8.94797,44.4056],[8.94767,44.40552],[8.94753,44.40548]]}},{"type":"Feature","properties":{"color":"#9ccb1d","style":"fine"},"geometry":{"type":"LineString","coordinates":[[8.94346,44.39652],[8.94321,44.39648],[8.94289,44.39654]]}},{"type":"Feature","properties":{"color":"#7cc428","style":"fine"},"geometry":{"type":"LineString","coordinates":[[8.93222,44.40277],[8.93286,44.40304]]}},{"type":"Feature","properties":{"color":"#83c626","style":"fine"},"geometry":{"type":"LineString","coordinates":[[8.93887,44.41034],[8.9394,44.41058],[8.93971,44.4107],[8.93979,44.41075]]}},{"type":"Feature","properties":{"color":"#b3cf15","style":"fine"},"geometry":{"type":"LineString","coordinates":[[8.93979,44.41075],[8.93939,44.41059],[8.93886,44.41036]]}},{"type":"Feature","properties":{"color":"#bfd211","style":"fine"},"geometry":{"type":"LineString","coordinates":[[8.94614,44.40564],[8.94562,44.40577],[8.94553,44.40579]]}},{"type":"Feature","properties":{"color":"#8cc822","style":"fine"},"geometry":{"type":"LineString","coordinates":[[8.94749,44.3954],[8.94767,44.39534]]}},{"type":"Feature","properties":{"color":"#9dcb1c","style":"fine"},"geometry":{"type":"LineString","coordinates":[[8.94783,44.39546],[8.94772,44.39548]]}},{"type":"Feature","properties":{"color":"#8ac723","style":"fine"},"geometry":{"type":"LineString","coordinates":[[8.95099,44.40299],[8.95111,44.40296]]}},{"type":"Feature","properties":{"color":"#d4d609","style":"fine"},"geometry":{"type":"LineString","coordinates":[[8.95067,44.40168],[8.95053,44.40171]]}},{"type":"Feature","properties":{"color":"#85c625","style":"fine"},"geometry":{"type":"LineString","coordinates":[[8.93513,44.4044],[8.9351,44.40435]]}},{"type":"Feature","properties":{"color":"#ddd806","style":"fine"},"geometry":{"type":"LineString","coordinates":[[8.94501,44.40112],[8.94525,44.40102],[8.94541,44.40087],[8.94543,44.40084]]}},{"type":"Feature","properties":{"color":"#bed211","style":"fine"},"geometry":{"type":"LineString","coordinates":[[8.94501,44.40112],[8.94549,44.40098]]}},{"type":"Feature","properties":{"color":"#c1d210","style":"fine"},"geometry":{"type":"LineString","coordinates":[[8.95379,44.39232],[8.9541,44.39222],[8.95525,44.39179],[8.95552,44.39169],[8.95584,44.39162],[8.95625,44.39158],[8.9566,44.39159],[8.95721,44.39169],[8.9575,44.39176],[8.95793,44.39185]]}},{"type":"Feature","properties":{"color":"#b1cf15","style":"fine"},"geometry":{"type":"LineString","coordinates":[[8.94767,44.39534],[8.94777,44.39532]]}},{"type":"Feature","properties":{"color":"#e7da03","style":"fine"},"geometry":{"type":"LineString","coordinates":[[8.9485,44.40024],[8.94732,44.40054],[8.94689,44.40065],[8.9468,44.40067]]}},{"type":"Feature","properties":{"color":"#8ec822","style":"fine"},"geometry":{"type":"LineString","coordinates":[[8.94387,44.39746],[8.9438,44.39728]]}},{"type":"Feature","properties":{"color":"#a2cc1b","style":"fine"},"geometry":{"type":"LineString","coordinates":[[8.95051,44.40887],[8.95038,44.40894]]}},{"type":"Feature","properties":{"color":"#81c526","style":"fine"},"geometry":{"type":"LineString","coordinates":[[8.94589,44.40434],[8.94589,44.40434]]}},{"type":"Feature","properties":{"color":"#eada01","style":"fine"},"geometry":{"type":"LineString","coordinates":[[8.95063,44.40879],[8.9507,44.40876]]}},{"type":"Feature","properties":{"color":"#cbd40c","style":"fine"},"geometry":{"type":"LineString","coordinates":[[8.95084,44.40841],[8.951,44.40861],[8.95103,44.40869]]}},{"type":"Feature","properties":{"color":"#f09228","style":"fine"},"geometry":{"type":"LineString","coordinates":[[8.9507,44.40876],[8.95093,44.40867],[8.95103,44.40869]]}},{"type":"Feature","properties":{"color":"#b9d113","style":"fine"},"geometry":{"type":"LineString","coordinates":[[8.94271,44.39892],[8.94253,44.39899]]}},{"type":"Feature","properties":{"color":"#cbd40c","style":"fine"},"geometry":{"type":"LineString","coordinates":[[8.94303,44.39871],[8.94287,44.39886]]}},{"type":"Feature","properties":{"color":"#acce17","style":"fine"},"geometry":{"type":"LineString","coordinates":[[8.94247,44.39901],[8.94228,44.39928],[8.94219,44.39946],[8.94203,44.39976],[8.94186,44.40007],[8.94154,44.4007],[8.94144,44.4009],[8.94135,44.40107],[8.94123,44.40123]]}},{"type":"Feature","properties":{"color":"#9fcb1c","style":"fine"},"geometry":{"type":"LineString","coordinates":[[8.94253,44.39899],[8.94247,44.39901]]}},{"type":"Feature","properties":{"color":"#ded806","style":"fine"},"geometry":{"type":"LineString","coordinates":[[8.95375,44.39237],[8.95379,44.39232]]}},{"type":"Feature","properties":{"color":"#f08328","style":"fine"},"geometry":{"type":"LineString","coordinates":[[8.95375,44.39237],[8.95401,44.39239]]}},{"type":"Feature","properties":{"color":"#c4d30f","style":"fine"},"geometry":{"type":"LineString","coordinates":[[8.95401,44.39239],[8.95371,44.39248]]}},{"type":"Feature","properties":{"color":"#d2d60a","style":"fine"},"geometry":{"type":"LineString","coordinates":[[8.95409,44.39262],[8.95416,44.39302],[8.95439,44.39409],[8.95454,44.39473],[8.9546,44.39501]]}},{"type":"Feature","properties":{"color":"#88c724","style":"fine"},"geometry":{"type":"LineString","coordinates":[[8.95367,44.39236],[8.95379,44.39232]]}},{"type":"Feature","properties":{"color":"#e3d904","style":"fine"},"geometry":{"type":"LineString","coordinates":[[8.95371,44.39248],[8.95375,44.39237]]}},{"type":"Feature","properties":{"color":"#99ca1e","style":"fine"},"geometry":{"type":"LineString","coordinates":[[8.95371,44.39248],[8.95306,44.39261],[8.95247,44.39271],[8.95203,44.3928],[8.9518,44.3929],[8.95158,44.39302],[8.95125,44.3933],[8.95099,44.39353],[8.95055,44.39392],[8.95031,44.39413],[8.9499,44.39454],[8.9497,44.3947],[8.94945,44.3949],[8.94921,44.39506],[8.94896,44.39518],[8.94872,44.39525]]}},{"type":"Feature","properties":{"color":"#a6cd19","style":"fine"},"geometry":{"type":"LineString","coordinates":[[8.95376,44.39268],[8.95371,44.39248]]}},{"type":"Feature","properties":{"color":"#b2cf15","style":"fine"},"geometry":{"type":"LineString","coordinates":[[8.95443,44.40234],[8.95442,44.40245]]}},{"type":"Feature","properties":{"color":"#e1d904","style":"fine"},"geometry":{"type":"LineString","coordinates":[[8.95413,44.40179],[8.95443,44.40204]]}},{"type":"Feature","properties":{"color":"#f08828","style":"fine"},"geometry":{"type":"LineString","coordinates":[[8.93092,44.40258],[8.93072,44.40278],[8.9305,44.40298],[8.93036,44.40301]]}},{"type":"Feature","properties":{"color":"#f09f28","style":"fine"},"geometry":{"type":"LineString","coordinates":[[8.93172,44.40256],[8.93222,44.40277]]}},{"type":"Feature","properties":{"color":"#8fc821","style":"fine"},"geometry":{"type":"LineString","coordinates":[[8.93158,44.40191],[8.93151,44.40202]]}},{"type":"Feature","properties":{"color":"#81c526","style":"fine"},"geometry":{"type":"LineString","coordinates":[[8.93098,44.40275],[8.93016,44.4035],[8.92989,44.40374],[8.92985,44.40378]]}},{"type":"Feature","properties":{"color":"#97ca1f","style":"fine"},"geometry":{"type":"LineString","coordinates":[[8.93342,44.3997],[8.93334,44.3998]]}},{"type":"Feature","properties":{"color":"#f0a528","style":"fine"},"geometry":{"type":"LineString","coordinates":[[8.93227,44.40272],[8.93268,44.40289]]}},{"type":"Feature","properties":{"color":"#f07f28","style":"fine"},"geometry":{"type":"LineString","coordinates":[[8.93202,44.4026],[8.93227,44.40272]]}},{"type":"Feature","properties":{"color":"#a6cd19","style":"fine"},"geometry":{"type":"LineString","coordinates":[[8.93771,44.40721],[8.93807,44.40724]]}},{"type":"Feature","properties":{"color":"#9fcb1c","style":"fine"},"geometry":{"type":"LineString","coordinates":[[8.93516,44.40753],[8.93496,44.40736]]}},{"type":"Feature","properties":{"color":"#b8d013","style":"fine"},"geometry":{"type":"LineString","coordinates":[[8.93827,44.40862],[8.93789,44.40855],[8.93762,44.40854],[8.93738,44.40844]]}},{"type":"Feature","properties":{"color":"#f09028","style":"fine"},"geometry":{"type":"LineString","coordinates":[[8.93172,44.4026],[8.93142,44.4026],[8.93125,44.40264]]}},{"type":"Feature","properties":{"color":"#f0a928","style":"fine"},"geometry":{"type":"LineString","coordinates":[[8.93117,44.40233],[8.93172,44.40256]]}},{"type":"Feature","properties":{"color":"#bdd111","style":"fine"},"geometry":{"type":"LineString","coordinates":[[8.93149,44.40344],[8.93143,44.4034]]}},{"type":"Feature","properties":{"color":"#9fcb1c","style":"fine"},"geometry":{"type":"LineString","coordinates":[[8.93158,44.40334],[8.9316,44.4034]]}},{"type":"Feature","properties":{"color":"#94c920","style":"fine"},"geometry":{"type":"LineString","coordinates":[[8.93215,44.403],[8.93226,44.40294]]}},{"type":"Feature","properties":{"color":"#76c32a","style":"fine"},"geometry":{"type":"LineString","coordinates":[[8.93222,44.40301],[8.93215,44.403]]}},{"type":"Feature","properties":{"color":"#87c724","style":"fine"},"geometry":{"type":"LineString","coordinates":[[8.93226,44.40298],[8.93222,44.40301]]}},{"type":"Feature","properties":{"color":"#ed7228","style":"fine"},"geometry":{"type":"LineString","coordinates":[[8.93291,44.40317],[8.93268,44.40307]]}},{"type":"Feature","properties":{"color":"#9aca1e","style":"fine"},"geometry":{"type":"LineString","coordinates":[[8.93286,44.40304],[8.93288,44.40305]]}},{"type":"Feature","properties":{"color":"#7cc428","style":"fine"},"geometry":{"type":"LineString","coordinates":[[8.93295,44.40308],[8.93371,44.4034]]}},{"type":"Feature","properties":{"color":"#98ca1e","style":"fine"},"geometry":{"type":"LineString","coordinates":[[8.94473,44.40538],[8.94446,44.40485],[8.94439,44.40473]]}},{"type":"Feature","properties":{"color":"#d8d708","style":"fine"},"geometry":{"type":"LineString","coordinates":[[8.94199,44.40532],[8.94245,44.4052],[8.94261,44.40517]]}},{"type":"Feature","properties":{"color":"#82c626","style":"fine"},"geometry":{"type":"LineString","coordinates":[[8.9457,44.40439],[8.94589,44.40434]]}},{"type":"Feature","properties":{"color":"#c3d30f","style":"fine"},"geometry":{"type":"LineString","coordinates":[[8.9349,44.40249],[8.93464,44.40251],[8.93432,44.40239]]}},{"type":"Feature","properties":{"color":"#aace18","style":"fine"},"geometry":{"type":"LineString","coordinates":[[8.93463,44.41144],[8.93503,44.41142],[8.93522,44.41142]]}},{"type":"Feature","properties":{"color":"#a3cc1a","style":"fine"},"geometry":{"type":"LineString","coordinates":[[8.9475,44.40541],[8.94716,44.40539],[8.94696,44.40542]]}},{"type":"Feature","properties":{"color":"#a8cd19","style":"fine"},"geometry":{"type":"LineString","coordinates":[[8.9475,44.40541],[8.94743,44.40523],[8.9474,44.40517]]}},{"type":"Feature","properties":{"color":"#9bcb1d","style":"fine"},"geometry":{"type":"LineString","coordinates":[[8.93698,44.40107],[8.93714,44.40099]]}},{"type":"Feature","properties":{"color":"#87c724","style":"fine"},"geometry":{"type":"LineString","coordinates":[[8.938,44.40993],[8.93806,44.4099]]}},{"type":"Feature","properties":{"color":"#94c91f","style":"fine"},"geometry":{"type":"LineString","coordinates":[[8.92753,44.40617],[8.92753,44.40615]]}},{"type":"Feature","properties":{"color":"#9bcb1d","style":"fine"},"geometry":{"type":"LineString","coordinates":[[8.94622,44.40561],[8.94614,44.40564]]}},{"type":"Feature","properties":{"color":"#91c920","style":"fine"},"geometry":{"type":"LineString","coordinates":[[8.94552,44.40444],[8.94561,44.40442]]}},{"type":"Feature","properties":{"color":"#96ca1f","style":"fine"},"geometry":{"type":"LineString","coordinates":[[8.93683,44.40067],[8.93652,44.40034],[8.93606,44.39986],[8.93585,44.39964],[8.93557,44.39935]]}},{"type":"Feature","properties":{"color":"#c4d30f","style":"fine"},"geometry":{"type":"LineString","coordinates":[[8.95742,44.40651],[8.95744,44.40673],[8.95748,44.40703],[8.95753,44.40743],[8.95754,44.4075]]}},{"type":"Feature","properties":{"color":"#c4d30f","style":"fine"},"geometry":{"type":"LineString","coordinates":[[8.95654,44.40657],[8.95632,44.40659]]}},{"type":"Feature","properties":{"color":"#e2d904","style":"fine"},"geometry":{"type":"LineString","coordinates":[[8.95754,44.4075],[8.95763,44.40818],[8.95764,44.40825]]}},{"type":"Feature","properties":{"color":"#f0d528","style":"fine"},"geometry":{"type":"LineString","coordinates":[[8.95898,44.40473],[8.95901,44.40483]]}},{"type":"Feature","properties":{"color":"#b3cf15","style":"fine"},"geometry":{"type":"LineString","coordinates":[[8.96102,44.40729],[8.96072,44.40731],[8.96048,44.40732],[8.95999,44.40735],[8.95955,44.40738]]}},{"type":"Feature","properties":{"color":"#a4cc1a","style":"fine"},"geometry":{"type":"LineString","coordinates":[[8.97423,44.39109],[8.97458,44.39206],[8.97497,44.39314],[8.97521,44.39384],[8.97538,44.39428],[8.97561,44.39491]]}},{"type":"Feature","properties":{"color":"#e7da03","style":"fine"},"geometry":{"type":"LineString","coordinates":[[8.97481,44.40752],[8.97482,44.40746]]}},{"type":"Feature","properties":{"color":"#e0d805","style":"fine"},"geometry":{"type":"LineString","coordinates":[[8.96482,44.40464],[8.9648,44.40453]]}},{"type":"Feature","properties":{"color":"#a8cd19","style":"fine"},"geometry":{"type":"LineString","coordinates":[[8.95742,44.40651],[8.95799,44.40648],[8.95854,44.40645],[8.95915,44.40641],[8.95959,44.40638]]}},{"type":"Feature","properties":{"color":"#f0d728","style":"fine"},"geometry":{"type":"LineString","coordinates":[[8.96388,44.40736],[8.96386,44.40718],[8.96386,44.40711]]}},{"type":"Feature","properties":{"color":"#d0d50a","style":"fine"},"geometry":{"type":"LineString","coordinates":[[8.96618,44.40902],[8.96599,44.4089],[8.96574,44.40872],[8.96525,44.40837],[8.96503,44.40821],[8.96485,44.40808],[8.96454,44.40784],[8.96424,44.40762],[8.96388,44.40736]]}},{"type":"Feature","properties":{"color":"#e2d904","style":"fine"},"geometry":{"type":"LineString","coordinates":[[8.95673,44.40344],[8.95758,44.40409],[8.95782,44.40423],[8.95806,44.40431],[8.95848,44.4043],[8.95892,44.40428],[8.95893,44.40452],[8.95894,44.40461]]}},{"type":"Feature","properties":{"color":"#e3d904","style":"fine"},"geometry":{"type":"LineString","coordinates":[[8.97453,44.39566],[8.97436,44.39572]]}},{"type":"Feature","properties":{"color":"#f0c728","style":"fine"},"geometry":{"type":"LineString","coordinates":[[8.97423,44.39109],[8.97355,44.39142],[8.97313,44.39163],[8.97262,44.39186],[8.97146,44.39243],[8.97134,44.39249]]}},{"type":"Feature","properties":{"color":"#bed211","style":"fine"},"geometry":{"type":"LineString","coordinates":[[8.96514,44.40665],[8.96546,44.40693],[8.96574,44.40718],[8.96635,44.40773],[8.96651,44.40787],[8.96697,44.4083],[8.96784,44.40911],[8.96807,44.40932],[8.96827,44.4095],[8.96844,44.40967],[8.96887,44.4101]]}},{"type":"Feature","properties":{"color":"#e0d805","style":"fine"},"geometry":{"type":"LineString","coordinates":[[8.96837,44.39391],[8.96798,44.39404],[8.96764,44.3941]]}},{"type":"Feature","properties":{"color":"#cad40d","style":"fine"},"geometry":{"type":"LineString","coordinates":[[8.96737,44.40488],[8.96801,44.40499],[8.96829,44.40503],[8.96858,44.40509],[8.96891,44.40519],[8.96913,44.40528],[8.96936,44.40539],[8.96967,44.40555]]}},{"type":"Feature","properties":{"color":"#f0da28","style":"fine"},"geometry":{"type":"LineString","coordinates":[[8.95917,44.40592],[8.95923,44.40611],[8.95945,44.40621],[8.9597,44.4062],[8.96019,44.40639],[8.96073,44.40663]]}},{"type":"Feature","properties":{"color":"#abce18","style":"fine"},"geometry":{"type":"LineString","coordinates":[[8.95901,44.40483],[8.95907,44.40533],[8.95917,44.40592]]}},{"type":"Feature","properties":{"color":"#a8cd19","style":"fine"},"geometry":{"type":"LineString","coordinates":[[8.95759,44.40454],[8.95793,44.40463],[8.95882,44.40461],[8.95894,44.40461]]}},{"type":"Feature","properties":{"color":"#d3d60a","style":"fine"},"geometry":{"type":"LineString","coordinates":[[8.97578,44.40525],[8.97599,44.4055],[8.97611,44.40568],[8.97618,44.40585],[8.97634,44.40606],[8.97678,44.40636],[8.9769,44.40657],[8.97697,44.40689],[8.97705,44.40719],[8.97709,44.40738],[8.97711,44.40772]]}},{"type":"Feature","properties":{"color":"#e9da02","style":"fine"},"geometry":{"type":"LineString","coordinates":[[8.97711,44.40772],[8.97712,44.40797]]}},{"type":"Feature","properties":{"color":"#f0d328","style":"fine"},"geometry":{"type":"LineString","coordinates":[[8.97712,44.40817],[8.97725,44.40827]]}},{"type":"Feature","properties":{"color":"#b7d013","style":"fine"},"geometry":{"type":"LineString","coordinates":[[8.95714,44.41304],[8.95684,44.41242],[8.95643,44.41155],[8.95618,44.41102],[8.95615,44.41094]]}},{"type":"Feature","properties":{"color":"#afcf16","style":"fine"},"geometry":{"type":"LineString","coordinates":[[8.96532,44.39761],[8.96594,44.39744],[8.96632,44.39733],[8.96797,44.39685],[8.96873,44.39664],[8.96961,44.39639],[8.96994,44.39626]]}},{"type":"Feature","properties":{"color":"#cdd50c","style":"fine"},"geometry":{"type":"LineString","coordinates":[[8.9699,44.39639],[8.96966,44.39648],[8.96907,44.39665],[8.9682,44.3969],[8.96705,44.39723],[8.96598,44.39754],[8.96554,44.39767],[8.96547,44.39769]]}},{"type":"Feature","properties":{"color":"#b5d014","style":"fine"},"geometry":{"type":"LineString","coordinates":[[8.9673,44.40497],[8.96702,44.40492],[8.96626,44.40477],[8.96596,44.40471],[8.96571,44.40467],[8.96541,44.40462],[8.96508,44.40462],[8.96482,44.40464]]}},{"type":"Feature","properties":{"color":"#d0d50b","style":"fine"},"geometry":{"type":"LineString","coordinates":[[8.97574,44.39524],[8.97576,44.3953]]}},{"type":"Feature","properties":{"color":"#bfd211","style":"fine"},"geometry":{"type":"LineString","coordinates":[[8.96172,44.39448],[8.96135,44.39442],[8.96053,44.39423],[8.95977,44.39409],[8.95904,44.39402],[8.95841,44.394],[8.95801,44.39402],[8.9579,44.39403]]}},{"type":"Feature","properties":{"color":"#f0d328","style":"fine"},"geometry":{"type":"LineString","coordinates":[[8.97821,44.4019],[8.97826,44.40167],[8.97844,44.40154],[8.97908,44.4013],[8.97929,44.40115],[8.97946,44.4008],[8.97954,44.40059],[8.97952,44.40036],[8.97936,44.40013],[8.97909,44.39998],[8.97896,44.39978],[8.97892,44.3994],[8.97881,44.39914],[8.97885,44.39893],[8.97959,44.39864],[8.97985,44.39852],[8.98009,44.39832],[8.98024,44.39808],[8.98025,44.39769],[8.98026,44.39736],[8.98039,44.39719],[8.98068,44.39716]]}},{"type":"Feature","properties":{"color":"#f0db28","style":"fine"},"geometry":{"type":"LineString","coordinates":[[8.96887,44.4101],[8.96845,44.41025],[8.96815,44.41037],[8.96778,44.41004],[8.96754,44.41],[8.96728,44.40995]]}},{"type":"Feature","properties":{"color":"#a9cd18","style":"fine"},"geometry":{"type":"LineString","coordinates":[[8.97504,44.39545],[8.97547,44.39522]]}},{"type":"Feature","properties":{"color":"#a6cd19","style":"fine"},"geometry":{"type":"LineString","coordinates":[[8.97453,44.39566],[8.97476,44.39557],[8.97497,44.39548]]}},{"type":"Feature","properties":{"color":"#e3d904","style":"fine"},"geometry":{"type":"LineString","coordinates":[[8.9654,44.39771],[8.9653,44.39773]]}},{"type":"Feature","properties":{"color":"#ccd40c","style":"fine"},"geometry":{"type":"LineString","coordinates":[[8.96207,44.39925],[8.96236,44.39898],[8.96258,44.39865],[8.96281,44.39839],[8.96305,44.39824],[8.96374,44.39803],[8.96411,44.39792],[8.96428,44.39788]]}},{"type":"Feature","properties":{"color":"#bfd211","style":"fine"},"geometry":{"type":"LineString","coordinates":[[8.96129,44.39951],[8.96158,44.39945],[8.96181,44.39937],[8.96207,44.39925]]}},{"type":"Feature","properties":{"color":"#f0db28","style":"fine"},"geometry":{"type":"LineString","coordinates":[[8.97717,44.40151],[8.97773,44.40175],[8.97802,44.40186],[8.97821,44.4019]]}},{"type":"Feature","properties":{"color":"#e5d903","style":"fine"},"geometry":{"type":"LineString","coordinates":[[8.96887,44.4101],[8.96903,44.41037],[8.9692,44.41086],[8.96931,44.41117],[8.96944,44.41155],[8.96953,44.4118],[8.96963,44.41199],[8.9698,44.41218],[8.97003,44.41232],[8.9705,44.41246],[8.97116,44.4126],[8.97184,44.41276],[8.97187,44.41277]]}},{"type":"Feature","properties":{"color":"#f0d328","style":"fine"},"geometry":{"type":"LineString","coordinates":[[8.96111,44.40728],[8.96157,44.40725],[8.96214,44.40722],[8.96218,44.40722]]}},{"type":"Feature","properties":{"color":"#9bcb1d","style":"fine"},"geometry":{"type":"LineString","coordinates":[[8.95875,44.39204],[8.95979,44.39228],[8.96138,44.39262],[8.96186,44.39275],[8.96217,44.3928],[8.96251,44.39285],[8.96292,44.39288],[8.96332,44.39291],[8.96362,44.39292],[8.96397,44.39285],[8.96423,44.39276],[8.9645,44.39261],[8.96479,44.39234],[8.96498,44.39206],[8.96523,44.39177],[8.96539,44.39164],[8.96577,44.39145],[8.96604,44.39139],[8.96655,44.39136],[8.96689,44.39136],[8.96714,44.39135],[8.96742,44.39131],[8.96779,44.39124],[8.96823,44.3911],[8.9692,44.39071],[8.96996,44.3904],[8.97018,44.39031],[8.97065,44.39017],[8.97104,44.3901],[8.97156,44.39005],[8.97202,44.38999],[8.9724,44.38996],[8.97282,44.38995],[8.97314,44.39],[8.9733,44.39006]]}},{"type":"Feature","properties":{"color":"#d2d60a","style":"fine"},"geometry":{"type":"LineString","coordinates":[[8.97423,44.39109],[8.97394,44.39048],[8.97373,44.39031],[8.97345,44.39022]]}},{"type":"Feature","properties":{"color":"#cad40d","style":"fine"},"geometry":{"type":"LineString","coordinates":[[8.96764,44.3941],[8.96673,44.39422],[8.96587,44.39433],[8.96586,44.39433]]}},{"type":"Feature","properties":{"color":"#a7cd19","style":"fine"},"geometry":{"type":"LineString","coordinates":[[8.97904,44.39482],[8.98015,44.39488]]}},{"type":"Feature","properties":{"color":"#ced50b","style":"fine"},"geometry":{"type":"LineString","coordinates":[[8.96434,44.39798],[8.96378,44.39812],[8.96329,44.39827],[8.96303,44.39839],[8.96284,44.39856],[8.9626,44.39888],[8.96246,44.39905],[8.96207,44.39925]]}},{"type":"Feature","properties":{"color":"#dad707","style":"fine"},"geometry":{"type":"LineString","coordinates":[[8.96468,44.39853],[8.96451,44.39826],[8.96447,44.39819]]}},{"type":"Feature","properties":{"color":"#bfd211","style":"fine"},"geometry":{"type":"LineString","coordinates":[[8.95603,44.40356],[8.95649,44.40385],[8.9571,44.40424],[8.95759,44.40454]]}},{"type":"Feature","properties":{"color":"#ef7728","style":"fine"},"geometry":{"type":"LineString","coordinates":[[8.9692,44.39071],[8.96927,44.3908]]}},{"type":"Feature","properties":{"color":"#df5328","style":"fine"},"geometry":{"type":"LineString","coordinates":[[8.97156,44.39005],[8.97184,44.39007],[8.97188,44.39013]]}},{"type":"Feature","properties":{"color":"#e4d904","style":"fine"},"geometry":{"type":"LineString","coordinates":[[8.95978,44.4064],[8.96007,44.40652],[8.96033,44.40664],[8.96065,44.40676],[8.96094,44.4069],[8.96101,44.40723],[8.96102,44.40729]]}},{"type":"Feature","properties":{"color":"#eada01","style":"fine"},"geometry":{"type":"LineString","coordinates":[[8.96386,44.40711],[8.96413,44.40707],[8.96462,44.40693],[8.96493,44.40679],[8.96514,44.40665]]}},{"type":"Feature","properties":{"color":"#cfd50b","style":"fine"},"geometry":{"type":"LineString","coordinates":[[8.96603,44.40575],[8.96583,44.4055],[8.96545,44.40528],[8.96505,44.40503],[8.96487,44.40481],[8.96482,44.40464]]}},{"type":"Feature","properties":{"color":"#a6cd19","style":"fine"},"geometry":{"type":"LineString","coordinates":[[8.98099,44.40565],[8.98046,44.40618],[8.98027,44.40638],[8.98005,44.40658],[8.97978,44.40679],[8.97953,44.40697],[8.97913,44.4072],[8.97887,44.40733],[8.97854,44.40749],[8.97818,44.40764],[8.97783,44.40777],[8.97759,44.40784],[8.97735,44.40789],[8.97721,44.40791]]}},{"type":"Feature","properties":{"color":"#f0db28","style":"fine"},"geometry":{"type":"LineString","coordinates":[[8.96304,44.40299],[8.96315,44.40276],[8.96384,44.40233],[8.96398,44.40208]]}},{"type":"Feature","properties":{"color":"#d8d708","style":"fine"},"geometry":{"type":"LineString","coordinates":[[8.97481,44.40789],[8.97457,44.40768],[8.97437,44.40746],[8.97428,44.40736]]}},{"type":"Feature","properties":{"color":"#d1d50a","style":"fine"},"geometry":{"type":"LineString","coordinates":[[8.95754,44.4075],[8.95721,44.40752],[8.95697,44.40753],[8.95671,44.4075],[8.95662,44.40704]]}},{"type":"Feature","properties":{"color":"#f0da28","style":"fine"},"geometry":{"type":"LineString","coordinates":[[8.95654,44.40657],[8.95694,44.40654],[8.95718,44.40652]]}},{"type":"Feature","properties":{"color":"#b3cf15","style":"fine"},"geometry":{"type":"LineString","coordinates":[[8.96514,44.40665],[8.96555,44.4063],[8.96587,44.40602],[8.96602,44.40582],[8.96603,44.40575]]}},{"type":"Feature","properties":{"color":"#c0d210","style":"fine"},"geometry":{"type":"LineString","coordinates":[[8.97485,44.40575],[8.97527,44.40551],[8.9756,44.40533],[8.97578,44.40525]]}},{"type":"Feature","properties":{"color":"#d9d707","style":"fine"},"geometry":{"type":"LineString","coordinates":[[8.97481,44.40752],[8.97428,44.40736]]}},{"type":"Feature","properties":{"color":"#82c626","style":"fine"},"geometry":{"type":"LineString","coordinates":[[8.95759,44.40454],[8.95747,44.40475]]}},{"type":"Feature","properties":{"color":"#dad707","style":"fine"},"geometry":{"type":"LineString","coordinates":[[8.96218,44.40722],[8.9626,44.40719],[8.96274,44.40718]]}},{"type":"Feature","properties":{"color":"#d4d609","style":"fine"},"geometry":{"type":"LineString","coordinates":[[8.95689,44.40065],[8.95731,44.40056],[8.95798,44.4004],[8.95834,44.40031],[8.95859,44.40024],[8.95933,44.40002],[8.9595,44.39997]]}},{"type":"Feature","properties":{"color":"#a6cd19","style":"fine"},"geometry":{"type":"LineString","coordinates":[[8.9733,44.39006],[8.97367,44.39021],[8.97387,44.39031],[8.97403,44.39046],[8.97417,44.39077],[8.97423,44.39096],[8.97423,44.39109]]}},{"type":"Feature","properties":{"color":"#82c626","style":"fine"},"geometry":{"type":"LineString","coordinates":[[8.95576,44.40374],[8.95603,44.40356]]}},{"type":"Feature","properties":{"color":"#e9da02","style":"fine"},"geometry":{"type":"LineString","coordinates":[[8.95959,44.40638],[8.95978,44.4064]]}},{"type":"Feature","properties":{"color":"#b5d014","style":"fine"},"geometry":{"type":"LineString","coordinates":[[8.9772,44.40779],[8.97744,44.40774],[8.9778,44.40763],[8.97811,44.40751],[8.97846,44.40736],[8.97879,44.40721],[8.97918,44.40699],[8.97951,44.40679],[8.97974,44.40662],[8.98005,44.40636],[8.98067,44.40576],[8.98084,44.40557],[8.98088,44.40553]]}},{"type":"Feature","properties":{"color":"#f0d928","style":"fine"},"geometry":{"type":"LineString","coordinates":[[8.9587,44.41167],[8.95879,44.41199],[8.95889,44.41228],[8.95891,44.41247]]}},{"type":"Feature","properties":{"color":"#ccd40c","style":"fine"},"geometry":{"type":"LineString","coordinates":[[8.96361,44.3946],[8.96312,44.39463],[8.96276,44.39461],[8.96224,44.39456],[8.96172,44.39448]]}},{"type":"Feature","properties":{"color":"#c6d30e","style":"fine"},"geometry":{"type":"LineString","coordinates":[[8.96566,44.39435],[8.96522,44.3944],[8.96446,44.3945],[8.96373,44.39459],[8.96361,44.3946]]}},{"type":"Feature","properties":{"color":"#b6d014","style":"fine"},"geometry":{"type":"LineString","coordinates":[[8.95764,44.40825],[8.95777,44.40866],[8.95788,44.40901],[8.9583,44.41036],[8.9584,44.41069],[8.9587,44.41167]]}},{"type":"Feature","properties":{"color":"#b4d014","style":"fine"},"geometry":{"type":"LineString","coordinates":[[8.97403,44.40719],[8.97432,44.40728],[8.97482,44.40742]]}},{"type":"Feature","properties":{"color":"#c2d20f","style":"fine"},"geometry":{"type":"LineString","coordinates":[[8.9716,44.40647],[8.97196,44.40658],[8.97276,44.40682]]}},{"type":"Feature","properties":{"color":"#d2d60a","style":"fine"},"geometry":{"type":"LineString","coordinates":[[8.97064,44.40603],[8.97097,44.40617],[8.97127,44.40633],[8.97147,44.40641]]}},{"type":"Feature","properties":{"color":"#c5d30e","style":"fine"},"geometry":{"type":"LineString","coordinates":[[8.97643,44.3949],[8.97671,44.39483],[8.97706,44.39477],[8.97739,44.39476],[8.9777,44.39476],[8.97796,44.39477],[8.97826,44.39478],[8.97904,44.39482]]}},{"type":"Feature","properties":{"color":"#a6cd19","style":"fine"},"geometry":{"type":"LineString","coordinates":[[8.97589,44.39505],[8.97602,44.39504]]}},{"type":"Feature","properties":{"color":"#d6d608","style":"fine"},"geometry":{"type":"LineString","coordinates":[[8.97602,44.39504],[8.97625,44.39497]]}},{"type":"Feature","properties":{"color":"#b7d013","style":"fine"},"geometry":{"type":"LineString","coordinates":[[8.97561,44.39491],[8.97581,44.39504],[8.97589,44.39505]]}},{"type":"Feature","properties":{"color":"#abce18","style":"fine"},"geometry":{"type":"LineString","coordinates":[[8.97625,44.39497],[8.97595,44.39515],[8.97574,44.39524]]}},{"type":"Feature","properties":{"color":"#bcd112","style":"fine"},"geometry":{"type":"LineString","coordinates":[[8.97574,44.39524],[8.97527,44.3954],[8.97517,44.39544]]}},{"type":"Feature","properties":{"color":"#ebdb01","style":"fine"},"geometry":{"type":"LineString","coordinates":[[8.97561,44.39491],[8.97569,44.39512]]}},{"type":"Feature","properties":{"color":"#dad707","style":"fine"},"geometry":{"type":"LineString","coordinates":[[8.96737,44.40488],[8.96783,44.40483],[8.96813,44.40484],[8.96852,44.4049],[8.9692,44.40508],[8.96996,44.40529],[8.97036,44.40541],[8.97064,44.40553],[8.97092,44.40579],[8.97124,44.40611],[8.97141,44.40625],[8.97167,44.40629],[8.9721,44.40629],[8.97248,44.40627],[8.97306,44.40624],[8.97356,44.40622],[8.97397,44.40619],[8.97425,44.40608],[8.97453,44.40592],[8.97485,44.40575]]}},{"type":"Feature","properties":{"color":"#b8d013","style":"fine"},"geometry":{"type":"LineString","coordinates":[[8.9648,44.40453],[8.9651,44.40452],[8.96551,44.40452],[8.96587,44.40458],[8.9663,44.40466],[8.967,44.40481],[8.96737,44.40488]]}},{"type":"Feature","properties":{"color":"#cad40d","style":"fine"},"geometry":{"type":"LineString","coordinates":[[8.96482,44.40464],[8.96447,44.40464],[8.96175,44.40469],[8.96144,44.40469],[8.95919,44.40473],[8.95882,44.40473],[8.95814,44.40474],[8.95747,44.40475]]}},{"type":"Feature","properties":{"color":"#d3d609","style":"fine"},"geometry":{"type":"LineString","coordinates":[[8.97388,44.40724],[8.9727,44.4069]]}},{"type":"Feature","properties":{"color":"#e5d903","style":"fine"},"geometry":{"type":"LineString","coordinates":[[8.97481,44.40789],[8.97477,44.40769],[8.97479,44.40759]]}},{"type":"Feature","properties":{"color":"#f0c928","style":"fine"},"geometry":{"type":"LineString","coordinates":[[8.97702,44.40834],[8.97693,44.40839]]}},{"type":"Feature","properties":{"color":"#cbd40c","style":"fine"},"geometry":{"type":"LineString","coordinates":[[8.97712,44.40805],[8.97712,44.40817]]}},{"type":"Feature","properties":{"color":"#f0d928","style":"fine"},"geometry":{"type":"LineString","coordinates":[[8.96436,44.40049],[8.96428,44.40084],[8.96407,44.40167],[8.96402,44.4019],[8.96398,44.40208]]}},{"type":"Feature","properties":{"color":"#b5d014","style":"fine"},"geometry":{"type":"LineString","coordinates":[[8.96436,44.40049],[8.96439,44.4003],[8.9646,44.39936],[8.96468,44.39897],[8.96473,44.39875],[8.96468,44.39853]]}},{"type":"Feature","properties":{"color":"#c7d30e","style":"fine"},"geometry":{"type":"LineString","coordinates":[[8.97182,44.40666],[8.97126,44.40649],[8.97086,44.40629],[8.97026,44.40597],[8.9698,44.40573],[8.96932,44.40548],[8.96904,44.40535],[8.96869,44.40522],[8.96832,44.40513],[8.968,44.40508],[8.96776,44.40505],[8.96743,44.40499],[8.9673,44.40497]]}},{"type":"Feature","properties":{"color":"#d0d50b","style":"fine"},"geometry":{"type":"LineString","coordinates":[[8.97702,44.40834],[8.97712,44.40817]]}},{"type":"Feature","properties":{"color":"#dbd707","style":"fine"},"geometry":{"type":"LineString","coordinates":[[8.97001,44.39628],[8.9699,44.39639]]}},{"type":"Feature","properties":{"color":"#f0d728","style":"fine"},"geometry":{"type":"LineString","coordinates":[[8.9648,44.40453],[8.96475,44.40432],[8.96445,44.40423],[8.96363,44.40425],[8.96339,44.4042],[8.96291,44.40402],[8.96275,44.40378],[8.96296,44.40322],[8.96304,44.40299]]}},{"type":"Feature","properties":{"color":"#e3d904","style":"fine"},"geometry":{"type":"LineString","coordinates":[[8.97517,44.40814],[8.97494,44.40798],[8.9749,44.40795]]}},{"type":"Feature","properties":{"color":"#d5d609","style":"fine"},"geometry":{"type":"LineString","coordinates":[[8.97725,44.40827],[8.97702,44.40834]]}},{"type":"Feature","properties":{"color":"#c3d30f","style":"fine"},"geometry":{"type":"LineString","coordinates":[[8.96428,44.39788],[8.9648,44.39775],[8.96532,44.39761]]}},{"type":"Feature","properties":{"color":"#eada02","style":"fine"},"geometry":{"type":"LineString","coordinates":[[8.96274,44.40718],[8.9633,44.40715],[8.96386,44.40711]]}},{"type":"Feature","properties":{"color":"#a0cc1b","style":"fine"},"geometry":{"type":"LineString","coordinates":[[8.95894,44.40461],[8.95919,44.4046],[8.96144,44.40457],[8.96447,44.40452],[8.9648,44.40453]]}},{"type":"Feature","properties":{"color":"#d0d50a","style":"fine"},"geometry":{"type":"LineString","coordinates":[[8.95894,44.40461],[8.95898,44.40473]]}},{"type":"Feature","properties":{"color":"#ded806","style":"fine"},"geometry":{"type":"LineString","coordinates":[[8.97482,44.40742],[8.97548,44.40758],[8.97576,44.40768]]}},{"type":"Feature","properties":{"color":"#9fcb1c","style":"fine"},"geometry":{"type":"LineString","coordinates":[[8.95571,44.4024],[8.95564,44.40217],[8.95561,44.40197],[8.95553,44.40118],[8.95565,44.40095],[8.95589,44.40087],[8.95618,44.40081],[8.95689,44.40065]]}},{"type":"Feature","properties":{"color":"#c3d30f","style":"fine"},"geometry":{"type":"LineString","coordinates":[[8.9644,44.39809],[8.96434,44.39798]]}},{"type":"Feature","properties":{"color":"#f0d728","style":"fine"},"geometry":{"type":"LineString","coordinates":[[8.9653,44.39773],[8.96507,44.39786],[8.96477,44.39795],[8.96447,44.39803]]}},{"type":"Feature","properties":{"color":"#e4d904","style":"fine"},"geometry":{"type":"LineString","coordinates":[[8.97336,44.39598],[8.97303,44.39607],[8.97274,44.39615],[8.97241,44.3962],[8.97203,44.39617],[8.97175,44.39614],[8.97116,44.39609],[8.97086,44.39607],[8.97056,44.39605],[8.97032,44.3961],[8.97015,44.39617]]}},{"type":"Feature","properties":{"color":"#cad40d","style":"fine"},"geometry":{"type":"LineString","coordinates":[[8.95718,44.40652],[8.95742,44.40651]]}},{"type":"Feature","properties":{"color":"#b9d113","style":"fine"},"geometry":{"type":"LineString","coordinates":[[8.96445,44.39808],[8.96447,44.39819]]}},{"type":"Feature","properties":{"color":"#a6cd19","style":"fine"},"geometry":{"type":"LineString","coordinates":[[8.96967,44.40555],[8.96988,44.40566]]}},{"type":"Feature","properties":{"color":"#e1d905","style":"fine"},"geometry":{"type":"LineString","coordinates":[[8.9653,44.39773],[8.96495,44.39782],[8.96434,44.39798]]}},{"type":"Feature","properties":{"color":"#c3d30f","style":"fine"},"geometry":{"type":"LineString","coordinates":[[8.96547,44.39769],[8.9654,44.39771]]}},{"type":"Feature","properties":{"color":"#e6da03","style":"fine"},"geometry":{"type":"LineString","coordinates":[[8.96434,44.39798],[8.96446,44.39784]]}},{"type":"Feature","properties":{"color":"#c2d20f","style":"fine"},"geometry":{"type":"LineString","coordinates":[[8.95955,44.40738],[8.95882,44.40743],[8.95767,44.40749],[8.95754,44.4075]]}},{"type":"Feature","properties":{"color":"#c2d20f","style":"fine"},"geometry":{"type":"LineString","coordinates":[[8.97578,44.40525],[8.97601,44.4051],[8.97619,44.40492],[8.9764,44.40462],[8.97654,44.4044],[8.97671,44.40424],[8.97694,44.40409],[8.97705,44.40387],[8.97709,44.40364],[8.97723,44.4034],[8.97742,44.40328],[8.97769,44.40317],[8.97792,44.40305],[8.97816,44.40291],[8.97834,44.40275],[8.97835,44.40253],[8.97831,44.4023],[8.97823,44.40202],[8.97821,44.4019]]}},{"type":"Feature","properties":{"color":"#f0ca28","style":"fine"},"geometry":{"type":"LineString","coordinates":[[8.97569,44.39512],[8.97574,44.39524]]}},{"type":"Feature","properties":{"color":"#f07c28","style":"fine"},"geometry":{"type":"LineString","coordinates":[[8.96714,44.39135],[8.96771,44.3913],[8.96778,44.39135]]}},{"type":"Feature","properties":{"color":"#c2d20f","style":"fine"},"geometry":{"type":"LineString","coordinates":[[8.95662,44.40704],[8.95656,44.40669],[8.95654,44.40657]]}},{"type":"Feature","properties":{"color":"#f0ce28","style":"fine"},"geometry":{"type":"LineString","coordinates":[[8.97872,44.40832],[8.97884,44.40808],[8.97897,44.40791],[8.9792,44.40774],[8.97942,44.40762],[8.97953,44.40758]]}},{"type":"Feature","properties":{"color":"#e5d903","style":"fine"},"geometry":{"type":"LineString","coordinates":[[8.97953,44.40758],[8.97979,44.4075],[8.98007,44.40748],[8.98035,44.40743],[8.98038,44.4074]]}},{"type":"Feature","properties":{"color":"#c4d30f","style":"fine"},"geometry":{"type":"LineString","coordinates":[[8.97725,44.40827],[8.97769,44.40831],[8.97815,44.40845],[8.97839,44.40847],[8.97863,44.40838],[8.97872,44.40832]]}},{"type":"Feature","properties":{"color":"#ded806","style":"fine"},"geometry":{"type":"LineString","coordinates":[[8.9579,44.39403],[8.95763,44.39405],[8.95733,44.39405],[8.95705,44.394],[8.95661,44.39391],[8.95617,44.39383],[8.95597,44.39382]]}},{"type":"Feature","properties":{"color":"#bad112","style":"fine"},"geometry":{"type":"LineString","coordinates":[[8.97134,44.39249],[8.97111,44.3926],[8.97047,44.39291],[8.96985,44.39321],[8.96837,44.39391]]}},{"type":"Feature","properties":{"color":"#b5d014","style":"fine"},"geometry":{"type":"LineString","coordinates":[[8.97345,44.39022],[8.97305,44.3901],[8.97265,44.39005],[8.97209,44.3901],[8.97184,44.39013],[8.97145,44.39017],[8.97108,44.39021],[8.97084,44.39024],[8.97046,44.39034],[8.97003,44.39048],[8.96945,44.39072],[8.96927,44.3908]]}},{"type":"Feature","properties":{"color":"#e9da02","style":"fine"},"geometry":{"type":"LineString","coordinates":[[8.96728,44.40995],[8.96697,44.40965],[8.9668,44.40948],[8.96657,44.4093],[8.96618,44.40902]]}},{"type":"Feature","properties":{"color":"#dad707","style":"fine"},"geometry":{"type":"LineString","coordinates":[[8.9608,44.39963],[8.96088,44.3996]]}},{"type":"Feature","properties":{"color":"#bcd112","style":"fine"},"geometry":{"type":"LineString","coordinates":[[8.96088,44.3996],[8.96129,44.39951]]}},{"type":"Feature","properties":{"color":"#e0d805","style":"fine"},"geometry":{"type":"LineString","coordinates":[[8.96994,44.39626],[8.97015,44.39617]]}},{"type":"Feature","properties":{"color":"#a9cd18","style":"fine"},"geometry":{"type":"LineString","coordinates":[[8.95597,44.39382],[8.95592,44.39382]]}},{"type":"Feature","properties":{"color":"#bed211","style":"fine"},"geometry":{"type":"LineString","coordinates":[[8.97547,44.39522],[8.97569,44.39512]]}},{"type":"Feature","properties":{"color":"#f0c828","style":"fine"},"geometry":{"type":"LineString","coordinates":[[8.97547,44.39522],[8.97574,44.39524]]}},{"type":"Feature","properties":{"color":"#a9cd18","style":"fine"},"geometry":{"type":"LineString","coordinates":[[8.97625,44.39497],[8.97643,44.3949]]}},{"type":"Feature","properties":{"color":"#d9d707","style":"fine"},"geometry":{"type":"LineString","coordinates":[[8.97436,44.39572],[8.97336,44.39598]]}},{"type":"Feature","properties":{"color":"#b8d013","style":"fine"},"geometry":{"type":"LineString","coordinates":[[8.97702,44.40781],[8.9772,44.40779]]}},{"type":"Feature","properties":{"color":"#98ca1e","style":"fine"},"geometry":{"type":"LineString","coordinates":[[8.97576,44.40768],[8.97622,44.40779],[8.97653,44.40783],[8.97689,44.40782],[8.97702,44.40781]]}},{"type":"Feature","properties":{"color":"#c9d40d","style":"fine"},"geometry":{"type":"LineString","coordinates":[[8.97721,44.40791],[8.97701,44.40793]]}},{"type":"Feature","properties":{"color":"#abce17","style":"fine"},"geometry":{"type":"LineString","coordinates":[[8.97701,44.40793],[8.9767,44.40794],[8.97634,44.40793],[8.97591,44.40785],[8.97566,44.40778]]}},{"type":"Feature","properties":{"color":"#f0ca28","style":"fine"},"geometry":{"type":"LineString","coordinates":[[8.97712,44.40797],[8.97712,44.40805]]}},{"type":"Feature","properties":{"color":"#b2cf15","style":"fine"},"geometry":{"type":"LineString","coordinates":[[8.97276,44.40682],[8.97387,44.40714],[8.97403,44.40719]]}},{"type":"Feature","properties":{"color":"#92c920","style":"fine"},"geometry":{"type":"LineString","coordinates":[[8.9727,44.4069],[8.97182,44.40666]]}},{"type":"Feature","properties":{"color":"#c4d30f","style":"fine"},"geometry":{"type":"LineString","coordinates":[[8.97428,44.40736],[8.97388,44.40724]]}},{"type":"Feature","properties":{"color":"#a6cd19","style":"fine"},"geometry":{"type":"LineString","coordinates":[[8.97147,44.40641],[8.9716,44.40647]]}},{"type":"Feature","properties":{"color":"#d3d609","style":"fine"},"geometry":{"type":"LineString","coordinates":[[8.96988,44.40566],[8.97019,44.40581],[8.97064,44.40603]]}},{"type":"Feature","properties":{"color":"#f0c828","style":"fine"},"geometry":{"type":"LineString","coordinates":[[8.97479,44.40759],[8.97481,44.40752]]}},{"type":"Feature","properties":{"color":"#84c625","style":"fine"},"geometry":{"type":"LineString","coordinates":[[8.95793,44.39185],[8.95875,44.39204]]}},{"type":"Feature","properties":{"color":"#96ca1f","style":"fine"},"geometry":{"type":"LineString","coordinates":[[8.9587,44.39214],[8.95789,44.39196]]}},{"type":"Feature","properties":{"color":"#d3d609","style":"fine"},"geometry":{"type":"LineString","coordinates":[[8.96927,44.3908],[8.96878,44.391],[8.9683,44.39119],[8.96797,44.3913],[8.96742,44.39141],[8.96712,44.39145],[8.96673,44.39147],[8.96647,44.39146],[8.96621,44.39147],[8.96595,44.39153],[8.96566,44.39165],[8.96536,44.39185],[8.96493,44.39242],[8.96478,44.39259],[8.9646,44.39272],[8.96429,44.39287],[8.96395,44.39297],[8.96371,44.393],[8.96343,44.39302],[8.96312,44.39301],[8.96257,44.39296],[8.96231,44.39293],[8.962,44.39289],[8.96167,44.39281],[8.9614,44.39275],[8.96081,44.3926],[8.95975,44.39238],[8.95894,44.39219],[8.9587,44.39214]]}},{"type":"Feature","properties":{"color":"#c8d40d","style":"fine"},"geometry":{"type":"LineString","coordinates":[[8.96447,44.39819],[8.9644,44.39809]]}},{"type":"Feature","properties":{"color":"#f0d428","style":"fine"},"geometry":{"type":"LineString","coordinates":[[8.96445,44.39805],[8.96445,44.39808]]}},{"type":"Feature","properties":{"color":"#bbd112","style":"fine"},"geometry":{"type":"LineString","coordinates":[[8.96447,44.39803],[8.96445,44.39805]]}},{"type":"Feature","properties":{"color":"#f0d428","style":"fine"},"geometry":{"type":"LineString","coordinates":[[8.96102,44.40729],[8.96111,44.40728]]}},{"type":"Feature","properties":{"color":"#d0d50a","style":"fine"},"geometry":{"type":"LineString","coordinates":[[8.96073,44.40663],[8.96088,44.40682],[8.96094,44.4069]]}},{"type":"Feature","properties":{"color":"#c7d30e","style":"fine"},"geometry":{"type":"LineString","coordinates":[[8.97015,44.39617],[8.97001,44.39628]]}},{"type":"Feature","properties":{"color":"#ded806","style":"fine"},"geometry":{"type":"LineString","coordinates":[[8.96581,44.39427],[8.96586,44.39433]]}},{"type":"Feature","properties":{"color":"#c0d210","style":"fine"},"geometry":{"type":"LineString","coordinates":[[8.96572,44.3944],[8.96566,44.39435]]}},{"type":"Feature","properties":{"color":"#f0da28","style":"fine"},"geometry":{"type":"LineString","coordinates":[[8.96586,44.39433],[8.96572,44.3944]]}},{"type":"Feature","properties":{"color":"#d1d50a","style":"fine"},"geometry":{"type":"LineString","coordinates":[[8.96566,44.39435],[8.96581,44.39427]]}},{"type":"Feature","properties":{"color":"#c2d20f","style":"fine"},"geometry":{"type":"LineString","coordinates":[[8.9595,44.39997],[8.95988,44.39984],[8.96026,44.39973],[8.9608,44.39963]]}},{"type":"Feature","properties":{"color":"#c8d40d","style":"fine"},"geometry":{"type":"LineString","coordinates":[[8.976,44.40845],[8.97564,44.40836],[8.97538,44.40825],[8.97517,44.40814]]}},{"type":"Feature","properties":{"color":"#f0d528","style":"fine"},"geometry":{"type":"LineString","coordinates":[[8.97632,44.40848],[8.976,44.40845]]}},{"type":"Feature","properties":{"color":"#d8d708","style":"fine"},"geometry":{"type":"LineString","coordinates":[[8.9749,44.40795],[8.97481,44.40789]]}},{"type":"Feature","properties":{"color":"#b3cf15","style":"fine"},"geometry":{"type":"LineString","coordinates":[[8.97566,44.40778],[8.97497,44.40758],[8.97481,44.40752]]}},{"type":"Feature","properties":{"color":"#b5d014","style":"fine"},"geometry":{"type":"LineString","coordinates":[[8.97569,44.39512],[8.97589,44.39505]]}},{"type":"Feature","properties":{"color":"#f0d028","style":"fine"},"geometry":{"type":"LineString","coordinates":[[8.97576,44.3953],[8.97589,44.39564]]}},{"type":"Feature","properties":{"color":"#e4d904","style":"fine"},"geometry":{"type":"LineString","coordinates":[[8.97517,44.39544],[8.97504,44.39545]]}},{"type":"Feature","properties":{"color":"#c5d30e","style":"fine"},"geometry":{"type":"LineString","coordinates":[[8.97497,44.39548],[8.97504,44.39545]]}},{"type":"Feature","properties":{"color":"#eada01","style":"fine"},"geometry":{"type":"LineString","coordinates":[[8.97693,44.40839],[8.97685,44.40843]]}},{"type":"Feature","properties":{"color":"#cbd40c","style":"fine"},"geometry":{"type":"LineString","coordinates":[[8.97662,44.40847],[8.97632,44.40848]]}},{"type":"Feature","properties":{"color":"#f0d328","style":"fine"},"geometry":{"type":"LineString","coordinates":[[8.97685,44.40843],[8.97662,44.40847]]}},{"type":"Feature","properties":{"color":"#f0d928","style":"fine"},"geometry":{"type":"LineString","coordinates":[[8.97589,44.39564],[8.97616,44.39636],[8.97632,44.39682],[8.9764,44.39702],[8.97652,44.39734],[8.97653,44.39755],[8.97634,44.39784],[8.97615,44.39811],[8.97584,44.39855],[8.9755,44.39891],[8.97534,44.39909],[8.97489,44.3996],[8.97481,44.3998],[8.97489,44.40003],[8.9751,44.40022],[8.97564,44.40041],[8.97603,44.40054],[8.97652,44.40072],[8.97682,44.40089],[8.97702,44.40117],[8.9771,44.40139],[8.97717,44.40151]]}},{"type":"Feature","properties":{"color":"#ee7528","style":"fine"},"geometry":{"type":"LineString","coordinates":[[8.89515,44.4221],[8.89482,44.42238],[8.89461,44.4226],[8.89441,44.42287],[8.89425,44.42317],[8.89417,44.42337],[8.89401,44.42363],[8.89355,44.42386]]}},{"type":"Feature","properties":{"color":"#5ebe33","style":"fine"},"geometry":{"type":"LineString","coordinates":[[8.90066,44.41939],[8.90093,44.41926],[8.90141,44.41894]]}},{"type":"Feature","properties":{"color":"#65c030","style":"fine"},"geometry":{"type":"LineString","coordinates":[[8.89594,44.43378],[8.89605,44.43346]]}},{"type":"Feature","properties":{"color":"#9dcb1c","style":"fine"},"geometry":{"type":"LineString","coordinates":[[8.89761,44.43086],[8.8977,44.43065],[8.89769,44.43037],[8.89748,44.42994],[8.89744,44.42972],[8.89749,44.42949],[8.8977,44.42912]]}},{"type":"Feature","properties":{"color":"#74c32b","style":"fine"},"geometry":{"type":"LineString","coordinates":[[8.89779,44.42719],[8.89728,44.42707],[8.8968,44.42698],[8.89633,44.42691],[8.89598,44.42683],[8.89569,44.42669],[8.89546,44.42651],[8.89522,44.42615],[8.89508,44.42594],[8.89495,44.42576],[8.89476,44.4255],[8.89463,44.42533],[8.89456,44.42527]]}},{"type":"Feature","properties":{"color":"#7fc527","style":"fine"},"geometry":{"type":"LineString","coordinates":[[8.89502,44.42195],[8.89521,44.42181],[8.89544,44.42164],[8.896,44.42118],[8.89645,44.4208],[8.89693,44.42042],[8.8974,44.42003],[8.89783,44.41969]]}},{"type":"Feature","properties":{"color":"#81c526","style":"fine"},"geometry":{"type":"LineString","coordinates":[[8.89677,44.43214],[8.89761,44.43086]]}},{"type":"Feature","properties":{"color":"#f09428","style":"fine"},"geometry":{"type":"LineString","coordinates":[[8.89456,44.42527],[8.89414,44.42498],[8.89391,44.42479]]}},{"type":"Feature","properties":{"color":"#f09a28","style":"fine"},"geometry":{"type":"LineString","coordinates":[[8.89387,44.42319],[8.89391,44.42299],[8.89389,44.42287]]}},{"type":"Feature","properties":{"color":"#4fbb38","style":"fine"},"geometry":{"type":"LineString","coordinates":[[8.8807,44.41514],[8.88067,44.41537],[8.88079,44.41576]]}},{"type":"Feature","properties":{"color":"#74c32b","style":"fine"},"geometry":{"type":"LineString","coordinates":[[8.88838,44.41184],[8.88827,44.41197]]}},{"type":"Feature","properties":{"color":"#54bc36","style":"fine"},"geometry":{"type":"LineString","coordinates":[[8.88843,44.41236],[8.8885,44.41259],[8.88862,44.41289]]}},{"type":"Feature","properties":{"color":"#72c22b","style":"fine"},"geometry":{"type":"LineString","coordinates":[[8.88956,44.41277],[8.8902,44.41258],[8.89101,44.41235]]}},{"type":"Feature","properties":{"color":"#64c030","style":"fine"},"geometry":{"type":"LineString","coordinates":[[8.88404,44.41365],[8.88501,44.41217]]}},{"type":"Feature","properties":{"color":"#ee7428","style":"fine"},"geometry":{"type":"LineString","coordinates":[[8.88478,44.42058],[8.88499,44.42071],[8.8852,44.42094],[8.88546,44.42129],[8.88577,44.42174]]}},{"type":"Feature","properties":{"color":"#80c527","style":"fine"},"geometry":{"type":"LineString","coordinates":[[8.88574,44.42175],[8.88482,44.42205]]}},{"type":"Feature","properties":{"color":"#96ca1f","style":"fine"},"geometry":{"type":"LineString","coordinates":[[8.88477,44.42207],[8.88443,44.42215]]}},{"type":"Feature","properties":{"color":"#b4d014","style":"fine"},"geometry":{"type":"LineString","coordinates":[[8.88363,44.42275],[8.88264,44.4239],[8.88259,44.42396]]}},{"type":"Feature","properties":{"color":"#f08028","style":"fine"},"geometry":{"type":"LineString","coordinates":[[8.89036,44.43543],[8.89044,44.43574]]}},{"type":"Feature","properties":{"color":"#b4d014","style":"fine"},"geometry":{"type":"LineString","coordinates":[[8.89267,44.43426],[8.89256,44.43392],[8.89249,44.43373],[8.89237,44.43339],[8.89231,44.43321],[8.89225,44.43303],[8.89213,44.43275],[8.89208,44.43253],[8.89204,44.43233],[8.89199,44.4321],[8.89196,44.43179],[8.89196,44.43172]]}},{"type":"Feature","properties":{"color":"#7cc428","style":"fine"},"geometry":{"type":"LineString","coordinates":[[8.89233,44.4377],[8.89227,44.43796],[8.89223,44.43827],[8.89216,44.43852],[8.89214,44.43864]]}},{"type":"Feature","properties":{"color":"#8bc723","style":"fine"},"geometry":{"type":"LineString","coordinates":[[8.88764,44.43781],[8.88754,44.4374],[8.88745,44.43723],[8.88724,44.43689]]}},{"type":"Feature","properties":{"color":"#7fc527","style":"fine"},"geometry":{"type":"LineString","coordinates":[[8.91516,44.41522],[8.9148,44.41508],[8.91475,44.41502]]}},{"type":"Feature","properties":{"color":"#96ca1f","style":"fine"},"geometry":{"type":"LineString","coordinates":[[8.90996,44.41295],[8.90984,44.41288]]}},{"type":"Feature","properties":{"color":"#98ca1e","style":"fine"},"geometry":{"type":"LineString","coordinates":[[8.89238,44.43653],[8.89203,44.43655],[8.89188,44.43674],[8.89184,44.43694]]}},{"type":"Feature","properties":{"color":"#65c030","style":"fine"},"geometry":{"type":"LineString","coordinates":[[8.88281,44.41464],[8.88247,44.41472]]}},{"type":"Feature","properties":{"color":"#53bc36","style":"fine"},"geometry":{"type":"LineString","coordinates":[[8.8807,44.41514],[8.88054,44.41518]]}},{"type":"Feature","properties":{"color":"#7cc428","style":"fine"},"geometry":{"type":"LineString","coordinates":[[8.88821,44.41197],[8.88787,44.4122],[8.88733,44.41247],[8.88707,44.41261]]}},{"type":"Feature","properties":{"color":"#57bd35","style":"fine"},"geometry":{"type":"LineString","coordinates":[[8.89515,44.4221],[8.89483,44.42226]]}},{"type":"Feature","properties":{"color":"#84c625","style":"fine"},"geometry":{"type":"LineString","coordinates":[[8.90132,44.4193],[8.90086,44.41958],[8.90011,44.41992],[8.89886,44.42045],[8.89515,44.4221]]}},{"type":"Feature","properties":{"color":"#8fc821","style":"fine"},"geometry":{"type":"LineString","coordinates":[[8.90266,44.41786],[8.90253,44.41805],[8.90225,44.41827]]}},{"type":"Feature","properties":{"color":"#39b73f","style":"fine"},"geometry":{"type":"LineString","coordinates":[[8.90229,44.41777],[8.90242,44.41746],[8.90246,44.41712]]}},{"type":"Feature","properties":{"color":"#6bc12e","style":"fine"},"geometry":{"type":"LineString","coordinates":[[8.88812,44.41312],[8.88777,44.41322]]}},{"type":"Feature","properties":{"color":"#4cbb39","style":"fine"},"geometry":{"type":"LineString","coordinates":[[8.88777,44.41322],[8.88726,44.41355]]}},{"type":"Feature","properties":{"color":"#bad112","style":"fine"},"geometry":{"type":"LineString","coordinates":[[8.91699,44.426],[8.91756,44.42586],[8.91827,44.42569]]}},{"type":"Feature","properties":{"color":"#83c625","style":"fine"},"geometry":{"type":"LineString","coordinates":[[8.91283,44.41414],[8.91323,44.4143],[8.91397,44.4146],[8.91453,44.41482]]}},{"type":"Feature","properties":{"color":"#7dc527","style":"fine"},"geometry":{"type":"LineString","coordinates":[[8.91453,44.41482],[8.91473,44.41494],[8.91508,44.41509]]}},{"type":"Feature","properties":{"color":"#76c32a","style":"fine"},"geometry":{"type":"LineString","coordinates":[[8.89457,44.41486],[8.89492,44.41515],[8.89512,44.41544],[8.89538,44.41607],[8.89562,44.41674],[8.89573,44.41703],[8.89588,44.41751],[8.89592,44.41772],[8.89599,44.41793],[8.89611,44.41823],[8.89648,44.41859],[8.89677,44.41876],[8.89724,44.41891],[8.89723,44.41911],[8.89664,44.41898],[8.89641,44.41889],[8.89558,44.4184],[8.89533,44.41847],[8.89536,44.41858]]}},{"type":"Feature","properties":{"color":"#6dc12d","style":"fine"},"geometry":{"type":"LineString","coordinates":[[8.89468,44.4146],[8.89479,44.41411],[8.89473,44.41389],[8.89464,44.41372]]}},{"type":"Feature","properties":{"color":"#a1cc1b","style":"fine"},"geometry":{"type":"LineString","coordinates":[[8.89615,44.41269],[8.89645,44.4126],[8.89676,44.41251],[8.8972,44.41238],[8.89748,44.4123],[8.89825,44.41206]]}},{"type":"Feature","properties":{"color":"#7dc528","style":"fine"},"geometry":{"type":"LineString","coordinates":[[8.89101,44.41235],[8.89103,44.41243]]}},{"type":"Feature","properties":{"color":"#63bf31","style":"fine"},"geometry":{"type":"LineString","coordinates":[[8.89444,44.41472],[8.89468,44.4146]]}},{"type":"Feature","properties":{"color":"#9ecb1c","style":"fine"},"geometry":{"type":"LineString","coordinates":[[8.89151,44.41337],[8.8918,44.41345],[8.89205,44.41349],[8.89242,44.41349],[8.89303,44.41343],[8.89335,44.41349],[8.89362,44.41364],[8.89387,44.41379],[8.89419,44.41401],[8.89436,44.41422],[8.8944,44.41459],[8.89444,44.41472]]}},{"type":"Feature","properties":{"color":"#f0a828","style":"fine"},"geometry":{"type":"LineString","coordinates":[[8.88812,44.41312],[8.88808,44.41296]]}},{"type":"Feature","properties":{"color":"#6dc12d","style":"fine"},"geometry":{"type":"LineString","coordinates":[[8.89239,44.43647],[8.89253,44.43638]]}},{"type":"Feature","properties":{"color":"#b1cf15","style":"fine"},"geometry":{"type":"LineString","coordinates":[[8.88692,44.43608],[8.88689,44.43602]]}},{"type":"Feature","properties":{"color":"#97ca1e","style":"fine"},"geometry":{"type":"LineString","coordinates":[[8.89244,44.43624],[8.89253,44.43638]]}},{"type":"Feature","properties":{"color":"#5ebe32","style":"fine"},"geometry":{"type":"LineString","coordinates":[[8.88205,44.41455],[8.8819,44.41429],[8.88178,44.4141],[8.88147,44.41383],[8.88141,44.41379]]}},{"type":"Feature","properties":{"color":"#50bc37","style":"fine"},"geometry":{"type":"LineString","coordinates":[[8.88186,44.41486],[8.88202,44.4147],[8.88205,44.41455]]}},{"type":"Feature","properties":{"color":"#8dc822","style":"fine"},"geometry":{"type":"LineString","coordinates":[[8.89677,44.43805],[8.89785,44.43849],[8.89824,44.43869],[8.89888,44.43904],[8.89916,44.43919],[8.89936,44.4393],[8.89947,44.43955],[8.89934,44.44014],[8.89949,44.4403],[8.89984,44.4404],[8.90019,44.44051],[8.90074,44.44067],[8.90126,44.44083],[8.90165,44.44094],[8.902,44.44105],[8.90212,44.44108]]}},{"type":"Feature","properties":{"color":"#57bd35","style":"fine"},"geometry":{"type":"LineString","coordinates":[[8.90943,44.41253],[8.90929,44.41229],[8.90917,44.41213],[8.90901,44.41196],[8.9086,44.41155],[8.90848,44.41143]]}},{"type":"Feature","properties":{"color":"#79c429","style":"fine"},"geometry":{"type":"LineString","coordinates":[[8.88093,44.41273],[8.88088,44.41256]]}},{"type":"Feature","properties":{"color":"#d3d60a","style":"fine"},"geometry":{"type":"LineString","coordinates":[[8.91547,44.41879],[8.91521,44.41885],[8.915,44.41901]]}},{"type":"Feature","properties":{"color":"#67c02f","style":"fine"},"geometry":{"type":"LineString","coordinates":[[8.88477,44.42207],[8.88453,44.42171],[8.88437,44.4215],[8.88371,44.42074],[8.88282,44.41973],[8.88199,44.41878]]}},{"type":"Feature","properties":{"color":"#34b641","style":"fine"},"geometry":{"type":"LineString","coordinates":[[8.87005,44.42407],[8.88033,44.42733],[8.88092,44.42753]]}},{"type":"Feature","properties":{"color":"#9bcb1d","style":"fine"},"geometry":{"type":"LineString","coordinates":[[8.8986,44.42733],[8.89902,44.42757],[8.89937,44.42786],[8.89961,44.42818],[8.89977,44.42854],[8.89987,44.42891],[8.89989,44.42927],[8.89989,44.42982],[8.89988,44.43035]]}},{"type":"Feature","properties":{"color":"#7ec527","style":"fine"},"geometry":{"type":"LineString","coordinates":[[8.89988,44.43035],[8.89993,44.43082]]}},{"type":"Feature","properties":{"color":"#83c625","style":"fine"},"geometry":{"type":"LineString","coordinates":[[8.89993,44.43082],[8.90014,44.43244]]}},{"type":"Feature","properties":{"color":"#95c91f","style":"fine"},"geometry":{"type":"LineString","coordinates":[[8.90014,44.43244],[8.90028,44.43366],[8.90033,44.43403]]}},{"type":"Feature","properties":{"color":"#66c02f","style":"fine"},"geometry":{"type":"LineString","coordinates":[[8.89184,44.43694],[8.89173,44.43717],[8.89144,44.4374],[8.89117,44.43751],[8.89078,44.43762],[8.89038,44.43772]]}},{"type":"Feature","properties":{"color":"#28b446","style":"fine"},"geometry":{"type":"LineString","coordinates":[[8.88043,44.4152],[8.87915,44.41551],[8.87903,44.41554]]}},{"type":"Feature","properties":{"color":"#29b445","style":"fine"},"geometry":{"type":"LineString","coordinates":[[8.88346,44.41456],[8.88293,44.41463]]}},{"type":"Feature","properties":{"color":"#63bf31","style":"fine"},"geometry":{"type":"LineString","coordinates":[[8.88133,44.41357],[8.88139,44.41337],[8.88129,44.41311],[8.88126,44.41307]]}},{"type":"Feature","properties":{"color":"#5bbe33","style":"fine"},"geometry":{"type":"LineString","coordinates":[[8.88133,44.41374],[8.88121,44.4137]]}},{"type":"Feature","properties":{"color":"#6cc12d","style":"fine"},"geometry":{"type":"LineString","coordinates":[[8.88108,44.4127],[8.8812,44.41289],[8.88135,44.41309],[8.88145,44.41329],[8.88144,44.41352],[8.88141,44.4136]]}},{"type":"Feature","properties":{"color":"#83c626","style":"fine"},"geometry":{"type":"LineString","coordinates":[[8.88088,44.41256],[8.88089,44.41232],[8.88084,44.41214],[8.8807,44.4119],[8.88061,44.4118]]}},{"type":"Feature","properties":{"color":"#7fc527","style":"fine"},"geometry":{"type":"LineString","coordinates":[[8.8808,44.41167],[8.88088,44.41199],[8.88098,44.4123],[8.88108,44.41257]]}},{"type":"Feature","properties":{"color":"#42b93c","style":"fine"},"geometry":{"type":"LineString","coordinates":[[8.88726,44.41355],[8.88692,44.41369],[8.88686,44.41371]]}},{"type":"Feature","properties":{"color":"#a0cc1b","style":"fine"},"geometry":{"type":"LineString","coordinates":[[8.88187,44.42383],[8.88161,44.42351],[8.88124,44.42323],[8.88095,44.42307]]}},{"type":"Feature","properties":{"color":"#9aca1e","style":"fine"},"geometry":{"type":"LineString","coordinates":[[8.8977,44.42912],[8.89803,44.42877],[8.89836,44.42841],[8.89848,44.42811],[8.89846,44.42791],[8.89839,44.42774],[8.89828,44.42753],[8.89802,44.4273],[8.89779,44.42719]]}},{"type":"Feature","properties":{"color":"#50bc37","style":"fine"},"geometry":{"type":"LineString","coordinates":[[8.88205,44.41455],[8.88229,44.41468],[8.88247,44.41472]]}},{"type":"Feature","properties":{"color":"#94c91f","style":"fine"},"geometry":{"type":"LineString","coordinates":[[8.89502,44.42563],[8.89535,44.426],[8.89565,44.42629],[8.89593,44.42649],[8.89619,44.42661],[8.8965,44.42673],[8.89687,44.42682],[8.89728,44.42689],[8.89756,44.42695],[8.89783,44.42702],[8.8982,44.42714],[8.8986,44.42733]]}},{"type":"Feature","properties":{"color":"#69c12f","style":"fine"},"geometry":{"type":"LineString","coordinates":[[8.89456,44.42527],[8.89434,44.42503]]}},{"type":"Feature","properties":{"color":"#6fc22c","style":"fine"},"geometry":{"type":"LineString","coordinates":[[8.88856,44.41308],[8.88869,44.41301]]}},{"type":"Feature","properties":{"color":"#6ac12e","style":"fine"},"geometry":{"type":"LineString","coordinates":[[8.90036,44.41184],[8.90019,44.41231]]}},{"type":"Feature","properties":{"color":"#5dbe33","style":"fine"},"geometry":{"type":"LineString","coordinates":[[8.90019,44.41231],[8.90013,44.41253],[8.90016,44.41279],[8.9003,44.41312],[8.90045,44.4134],[8.90074,44.41386],[8.90089,44.41407],[8.90109,44.4143]]}},{"type":"Feature","properties":{"color":"#62bf31","style":"fine"},"geometry":{"type":"LineString","coordinates":[[8.90012,44.4123],[8.90022,44.412],[8.90031,44.4117]]}},{"type":"Feature","properties":{"color":"#28b446","style":"fine"},"geometry":{"type":"LineString","coordinates":[[8.88598,44.412],[8.88573,44.41204],[8.88555,44.41206]]}},{"type":"Feature","properties":{"color":"#7cc428","style":"fine"},"geometry":{"type":"LineString","coordinates":[[8.89037,44.42954],[8.89045,44.42987],[8.89051,44.43047],[8.89045,44.43318],[8.89042,44.43346],[8.8904,44.43382],[8.89039,44.43436]]}},{"type":"Feature","properties":{"color":"#5abe34","style":"fine"},"geometry":{"type":"LineString","coordinates":[[8.88079,44.41576],[8.88063,44.41554],[8.88055,44.41539]]}},{"type":"Feature","properties":{"color":"#66c030","style":"fine"},"geometry":{"type":"LineString","coordinates":[[8.88205,44.41455],[8.88215,44.41479]]}},{"type":"Feature","properties":{"color":"#9ecb1c","style":"fine"},"geometry":{"type":"LineString","coordinates":[[8.91014,44.41315],[8.90977,44.41328],[8.90971,44.41333]]}},{"type":"Feature","properties":{"color":"#8ac723","style":"fine"},"geometry":{"type":"LineString","coordinates":[[8.9118,44.41382],[8.91117,44.41354],[8.91091,44.41342],[8.91062,44.4133]]}},{"type":"Feature","properties":{"color":"#9aca1d","style":"fine"},"geometry":{"type":"LineString","coordinates":[[8.9105,44.41309],[8.91099,44.41333],[8.91185,44.41373],[8.91204,44.41382]]}},{"type":"Feature","properties":{"color":"#6ac12e","style":"fine"},"geometry":{"type":"LineString","coordinates":[[8.90044,44.43483],[8.90048,44.436],[8.90085,44.43689]]}},{"type":"Feature","properties":{"color":"#9aca1d","style":"fine"},"geometry":{"type":"LineString","coordinates":[[8.90085,44.43689],[8.90108,44.43742],[8.90161,44.43827]]}},{"type":"Feature","properties":{"color":"#59bd34","style":"fine"},"geometry":{"type":"LineString","coordinates":[[8.89483,44.42226],[8.8946,44.42245],[8.89446,44.42264],[8.89433,44.42283],[8.8942,44.4231],[8.8941,44.42335],[8.89405,44.42353]]}},{"type":"Feature","properties":{"color":"#88c724","style":"fine"},"geometry":{"type":"LineString","coordinates":[[8.89408,44.42314],[8.89424,44.42281],[8.89455,44.42242],[8.8948,44.42219],[8.89502,44.42195]]}},{"type":"Feature","properties":{"color":"#6bc12e","style":"fine"},"geometry":{"type":"LineString","coordinates":[[8.89441,44.425],[8.89463,44.42522],[8.89502,44.42563]]}},{"type":"Feature","properties":{"color":"#51bc37","style":"fine"},"geometry":{"type":"LineString","coordinates":[[8.89783,44.41969],[8.89812,44.41955]]}},{"type":"Feature","properties":{"color":"#81c526","style":"fine"},"geometry":{"type":"LineString","coordinates":[[8.89812,44.41955],[8.89851,44.41945],[8.89877,44.41944],[8.89913,44.41944],[8.89971,44.41946],[8.90015,44.41945],[8.90044,44.41944],[8.90066,44.41939]]}},{"type":"Feature","properties":{"color":"#ed7328","style":"fine"},"geometry":{"type":"LineString","coordinates":[[8.89387,44.42319],[8.89398,44.42298],[8.89416,44.42266],[8.8943,44.42248],[8.89446,44.42233],[8.89472,44.42212],[8.89502,44.42195]]}},{"type":"Feature","properties":{"color":"#f0a328","style":"fine"},"geometry":{"type":"LineString","coordinates":[[8.89431,44.42407],[8.89427,44.42426],[8.89425,44.42444],[8.89431,44.42462],[8.89442,44.42478],[8.89453,44.42495],[8.89469,44.42516],[8.89502,44.42563]]}},{"type":"Feature","properties":{"color":"#92c920","style":"fine"},"geometry":{"type":"LineString","coordinates":[[8.89391,44.4239],[8.89396,44.42351],[8.89401,44.42334],[8.89408,44.42314]]}},{"type":"Feature","properties":{"color":"#96ca1f","style":"fine"},"geometry":{"type":"LineString","coordinates":[[8.89348,44.42379],[8.89369,44.42365],[8.89383,44.42335],[8.89387,44.42319]]}},{"type":"Feature","properties":{"color":"#58bd35","style":"fine"},"geometry":{"type":"LineString","coordinates":[[8.90141,44.41894],[8.9016,44.41868],[8.90172,44.41851]]}},{"type":"Feature","properties":{"color":"#48ba3a","style":"fine"},"geometry":{"type":"LineString","coordinates":[[8.90109,44.4143],[8.90157,44.41468],[8.90177,44.41487],[8.902,44.41519],[8.90211,44.41539],[8.90243,44.41609]]}},{"type":"Feature","properties":{"color":"#3db83e","style":"fine"},"geometry":{"type":"LineString","coordinates":[[8.90243,44.41609],[8.90258,44.41644],[8.90268,44.41677]]}},{"type":"Feature","properties":{"color":"#6dc12d","style":"fine"},"geometry":{"type":"LineString","coordinates":[[8.90268,44.41677],[8.90274,44.41734],[8.90274,44.41768]]}},{"type":"Feature","properties":{"color":"#4cbb39","style":"fine"},"geometry":{"type":"LineString","coordinates":[[8.90103,44.41435],[8.90083,44.41411],[8.90068,44.41388],[8.90038,44.41342],[8.90022,44.41314],[8.90015,44.41296],[8.90007,44.41267],[8.90008,44.41243],[8.90012,44.4123]]}},{"type":"Feature","properties":{"color":"#59bd34","style":"fine"},"geometry":{"type":"LineString","coordinates":[[8.89316,44.43924],[8.8934,44.43899],[8.89405,44.43836],[8.89432,44.43808],[8.8945,44.43779]]}},{"type":"Feature","properties":{"color":"#6fc22d","style":"fine"},"geometry":{"type":"LineString","coordinates":[[8.89469,44.43741],[8.89498,44.4367],[8.89542,44.43557]]}},{"type":"Feature","properties":{"color":"#50bc37","style":"fine"},"geometry":{"type":"LineString","coordinates":[[8.8945,44.43779],[8.89469,44.43741]]}},{"type":"Feature","properties":{"color":"#9bcb1d","style":"fine"},"geometry":{"type":"LineString","coordinates":[[8.90161,44.43827],[8.90216,44.43902],[8.90308,44.44006],[8.90339,44.4405],[8.90355,44.44082]]}},{"type":"Feature","properties":{"color":"#7bc428","style":"fine"},"geometry":{"type":"LineString","coordinates":[[8.90033,44.43403],[8.90039,44.43449],[8.90044,44.43483]]}},{"type":"Feature","properties":{"color":"#57bd35","style":"fine"},"geometry":{"type":"LineString","coordinates":[[8.89551,44.43534],[8.89594,44.43378]]}},{"type":"Feature","properties":{"color":"#87c724","style":"fine"},"geometry":{"type":"LineString","coordinates":[[8.88817,44.43977],[8.88786,44.43873],[8.88777,44.43844],[8.88777,44.43817],[8.88778,44.43812]]}},{"type":"Feature","properties":{"color":"#28b446","style":"fine"},"geometry":{"type":"LineString","coordinates":[[8.88368,44.41447],[8.88346,44.41456]]}},{"type":"Feature","properties":{"color":"#4dbb38","style":"fine"},"geometry":{"type":"LineString","coordinates":[[8.88726,44.41355],[8.887,44.41361],[8.88693,44.41363]]}},{"type":"Feature","properties":{"color":"#33b642","style":"fine"},"geometry":{"type":"LineString","coordinates":[[8.88568,44.41396],[8.88537,44.41404],[8.88512,44.41411],[8.88425,44.41434],[8.88401,44.4144]]}},{"type":"Feature","properties":{"color":"#57bd35","style":"fine"},"geometry":{"type":"LineString","coordinates":[[8.88707,44.41261],[8.88685,44.41272],[8.8866,44.41284],[8.88602,44.41308],[8.88566,44.41324],[8.88534,44.41338],[8.88491,44.41352],[8.88461,44.41359],[8.88415,44.41364],[8.88404,44.41365]]}},{"type":"Feature","properties":{"color":"#9fcb1c","style":"fine"},"geometry":{"type":"LineString","coordinates":[[8.89338,44.42922],[8.89337,44.4295],[8.89327,44.43029],[8.89321,44.43097],[8.89319,44.43137],[8.89317,44.43172]]}},{"type":"Feature","properties":{"color":"#6bc12e","style":"fine"},"geometry":{"type":"LineString","coordinates":[[8.90971,44.41333],[8.90975,44.41306],[8.90977,44.41299]]}},{"type":"Feature","properties":{"color":"#98ca1e","style":"fine"},"geometry":{"type":"LineString","coordinates":[[8.90971,44.41333],[8.90969,44.41336]]}},{"type":"Feature","properties":{"color":"#6cc12d","style":"fine"},"geometry":{"type":"LineString","coordinates":[[8.89216,44.43765],[8.89221,44.43746]]}},{"type":"Feature","properties":{"color":"#9dcb1d","style":"fine"},"geometry":{"type":"LineString","coordinates":[[8.89277,44.43465],[8.89276,44.43467]]}},{"type":"Feature","properties":{"color":"#61bf31","style":"fine"},"geometry":{"type":"LineString","coordinates":[[8.89039,44.43436],[8.89038,44.43453]]}},{"type":"Feature","properties":{"color":"#7ac429","style":"fine"},"geometry":{"type":"LineString","coordinates":[[8.89273,44.43483],[8.89269,44.43504],[8.89266,44.43518]]}},{"type":"Feature","properties":{"color":"#a2cc1b","style":"fine"},"geometry":{"type":"LineString","coordinates":[[8.91475,44.41502],[8.91395,44.4147],[8.91297,44.41431],[8.91282,44.41426]]}},{"type":"Feature","properties":{"color":"#d6d608","style":"fine"},"geometry":{"type":"LineString","coordinates":[[8.9097,44.41822],[8.90943,44.41827],[8.90895,44.41817],[8.90839,44.41806],[8.90808,44.41813],[8.90804,44.41833],[8.90825,44.41849],[8.90886,44.41843],[8.90913,44.41844],[8.9096,44.41849],[8.90994,44.41858],[8.9101,44.41871],[8.91006,44.41891],[8.90979,44.41901],[8.90931,44.41889],[8.90895,44.41879],[8.90841,44.41877],[8.9081,44.4188],[8.90786,44.41884]]}},{"type":"Feature","properties":{"color":"#83c625","style":"fine"},"geometry":{"type":"LineString","coordinates":[[8.8823,44.42426],[8.88241,44.42416]]}},{"type":"Feature","properties":{"color":"#9ccb1d","style":"fine"},"geometry":{"type":"LineString","coordinates":[[8.88031,44.42281],[8.87976,44.42258],[8.87944,44.42232],[8.87868,44.4214],[8.87851,44.42107],[8.87844,44.42072],[8.87846,44.42051],[8.87856,44.41995],[8.87862,44.4197],[8.87867,44.41932],[8.87872,44.41912],[8.87873,44.4191]]}},{"type":"Feature","properties":{"color":"#67c02f","style":"fine"},"geometry":{"type":"LineString","coordinates":[[8.88095,44.42307],[8.88031,44.42281]]}},{"type":"Feature","properties":{"color":"#89c723","style":"fine"},"geometry":{"type":"LineString","coordinates":[[8.88219,44.42418],[8.88201,44.424],[8.88196,44.42394]]}},{"type":"Feature","properties":{"color":"#d5d609","style":"fine"},"geometry":{"type":"LineString","coordinates":[[8.91675,44.42129],[8.9168,44.42101],[8.91681,44.42083],[8.91672,44.42064],[8.91648,44.42051],[8.91627,44.42037],[8.91614,44.42014],[8.91602,44.41978],[8.91596,44.41945],[8.91595,44.41906],[8.91587,44.41889],[8.91566,44.4188],[8.91557,44.41878]]}},{"type":"Feature","properties":{"color":"#8cc822","style":"fine"},"geometry":{"type":"LineString","coordinates":[[8.91583,44.41569],[8.91569,44.41561]]}},{"type":"Feature","properties":{"color":"#66c030","style":"fine"},"geometry":{"type":"LineString","coordinates":[[8.91001,44.41284],[8.91026,44.41303],[8.91022,44.41311]]}},{"type":"Feature","properties":{"color":"#9ccb1d","style":"fine"},"geometry":{"type":"LineString","coordinates":[[8.91453,44.41482],[8.91482,44.41492],[8.91508,44.415],[8.91547,44.41497]]}},{"type":"Feature","properties":{"color":"#a3cc1a","style":"fine"},"geometry":{"type":"LineString","coordinates":[[8.90977,44.41299],[8.90984,44.41288]]}},{"type":"Feature","properties":{"color":"#cad40d","style":"fine"},"geometry":{"type":"LineString","coordinates":[[8.90958,44.42012],[8.90983,44.4201],[8.91017,44.4196],[8.9103,44.41932],[8.91044,44.41906],[8.91064,44.41893],[8.91088,44.41886],[8.91114,44.41887],[8.91138,44.41897],[8.91179,44.41924],[8.9122,44.41953],[8.91261,44.41984],[8.913,44.4201],[8.91333,44.42018],[8.9136,44.4201],[8.91375,44.41994],[8.91391,44.4197],[8.91411,44.41956]]}},{"type":"Feature","properties":{"color":"#f08d28","style":"fine"},"geometry":{"type":"LineString","coordinates":[[8.89044,44.43574],[8.89038,44.43762],[8.89038,44.43772]]}},{"type":"Feature","properties":{"color":"#f08928","style":"fine"},"geometry":{"type":"LineString","coordinates":[[8.89041,44.43844],[8.89046,44.43872],[8.89046,44.43901]]}},{"type":"Feature","properties":{"color":"#a4cc1a","style":"fine"},"geometry":{"type":"LineString","coordinates":[[8.90786,44.41884],[8.90766,44.41915],[8.90747,44.41967],[8.90813,44.41986],[8.90853,44.41993],[8.90881,44.41998],[8.90919,44.42005],[8.90946,44.4201],[8.90958,44.42012]]}},{"type":"Feature","properties":{"color":"#b1cf15","style":"fine"},"geometry":{"type":"LineString","coordinates":[[8.89227,44.43715],[8.8923,44.43701]]}},{"type":"Feature","properties":{"color":"#93c920","style":"fine"},"geometry":{"type":"LineString","coordinates":[[8.89239,44.43647],[8.89244,44.43624]]}},{"type":"Feature","properties":{"color":"#88c724","style":"fine"},"geometry":{"type":"LineString","coordinates":[[8.89321,44.43659],[8.89331,44.43666]]}},{"type":"Feature","properties":{"color":"#99ca1e","style":"fine"},"geometry":{"type":"LineString","coordinates":[[8.89315,44.43685],[8.89292,44.43705],[8.89275,44.4372]]}},{"type":"Feature","properties":{"color":"#8cc822","style":"fine"},"geometry":{"type":"LineString","coordinates":[[8.89257,44.43735],[8.89245,44.4375]]}},{"type":"Feature","properties":{"color":"#6dc12d","style":"fine"},"geometry":{"type":"LineString","coordinates":[[8.89253,44.43638],[8.89264,44.43641]]}},{"type":"Feature","properties":{"color":"#80c527","style":"fine"},"geometry":{"type":"LineString","coordinates":[[8.91677,44.41616],[8.91656,44.41606],[8.91652,44.41604]]}},{"type":"Feature","properties":{"color":"#52bc36","style":"fine"},"geometry":{"type":"LineString","coordinates":[[8.88841,44.41225],[8.88843,44.41236]]}},{"type":"Feature","properties":{"color":"#3eb83e","style":"fine"},"geometry":{"type":"LineString","coordinates":[[8.88827,44.41197],[8.88832,44.41206]]}},{"type":"Feature","properties":{"color":"#36b640","style":"fine"},"geometry":{"type":"LineString","coordinates":[[8.88832,44.41206],[8.88841,44.41225]]}},{"type":"Feature","properties":{"color":"#85c625","style":"fine"},"geometry":{"type":"LineString","coordinates":[[8.90957,44.41357],[8.90935,44.41392],[8.90956,44.41445],[8.90965,44.41463],[8.90981,44.41493],[8.90997,44.4152],[8.91005,44.4156],[8.91012,44.416],[8.91029,44.41688],[8.91034,44.41716],[8.9104,44.41748],[8.91019,44.41775],[8.91001,44.4179]]}},{"type":"Feature","properties":{"color":"#a0cc1b","style":"fine"},"geometry":{"type":"LineString","coordinates":[[8.88408,44.42225],[8.88383,44.42208],[8.88345,44.42191],[8.88313,44.42177],[8.88263,44.42155],[8.88205,44.4213],[8.88164,44.42111],[8.8812,44.42092]]}},{"type":"Feature","properties":{"color":"#93c920","style":"fine"},"geometry":{"type":"LineString","coordinates":[[8.88792,44.43794],[8.88779,44.43805]]}},{"type":"Feature","properties":{"color":"#7ec527","style":"fine"},"geometry":{"type":"LineString","coordinates":[[8.89836,44.41202],[8.89906,44.4118],[8.89931,44.41173],[8.8994,44.41146],[8.89924,44.41108],[8.8988,44.41113],[8.89839,44.41122],[8.89783,44.41135],[8.89694,44.4116],[8.89683,44.41139],[8.89764,44.41114],[8.89766,44.41104]]}},{"type":"Feature","properties":{"color":"#84c625","style":"fine"},"geometry":{"type":"LineString","coordinates":[[8.88912,44.43585],[8.88917,44.43556]]}},{"type":"Feature","properties":{"color":"#59bd34","style":"fine"},"geometry":{"type":"LineString","coordinates":[[8.88346,44.41434],[8.88385,44.41397]]}},{"type":"Feature","properties":{"color":"#72c22b","style":"fine"},"geometry":{"type":"LineString","coordinates":[[8.8814,44.41371],[8.88141,44.41379]]}},{"type":"Feature","properties":{"color":"#6ec22d","style":"fine"},"geometry":{"type":"LineString","coordinates":[[8.88799,44.43794],[8.88792,44.43794]]}},{"type":"Feature","properties":{"color":"#abce18","style":"fine"},"geometry":{"type":"LineString","coordinates":[[8.89048,44.42456],[8.89108,44.42541],[8.89115,44.42552]]}},{"type":"Feature","properties":{"color":"#b2cf15","style":"fine"},"geometry":{"type":"LineString","coordinates":[[8.89207,44.42683],[8.89224,44.42706],[8.89325,44.42853],[8.89333,44.42871]]}},{"type":"Feature","properties":{"color":"#28b446","style":"fine"},"geometry":{"type":"LineString","coordinates":[[8.88533,44.41209],[8.88516,44.41194]]}},{"type":"Feature","properties":{"color":"#a8cd18","style":"fine"},"geometry":{"type":"LineString","coordinates":[[8.88443,44.42215],[8.8846,44.42198],[8.88372,44.42086],[8.88371,44.42074]]}},{"type":"Feature","properties":{"color":"#f0a428","style":"fine"},"geometry":{"type":"LineString","coordinates":[[8.89317,44.42888],[8.8934,44.4289]]}},{"type":"Feature","properties":{"color":"#7dc527","style":"fine"},"geometry":{"type":"LineString","coordinates":[[8.89542,44.43557],[8.89551,44.43534]]}},{"type":"Feature","properties":{"color":"#60bf32","style":"fine"},"geometry":{"type":"LineString","coordinates":[[8.89605,44.43346],[8.89615,44.43328],[8.89629,44.4331],[8.89655,44.43258],[8.89677,44.43214]]}},{"type":"Feature","properties":{"color":"#aece16","style":"fine"},"geometry":{"type":"LineString","coordinates":[[8.89276,44.43467],[8.89273,44.43483]]}},{"type":"Feature","properties":{"color":"#95c91f","style":"fine"},"geometry":{"type":"LineString","coordinates":[[8.89331,44.43666],[8.89315,44.43685]]}},{"type":"Feature","properties":{"color":"#8dc822","style":"fine"},"geometry":{"type":"LineString","coordinates":[[8.89121,44.4404],[8.89113,44.4395],[8.89119,44.43894],[8.89124,44.43871],[8.89133,44.43853],[8.89149,44.43825],[8.89195,44.43786],[8.89214,44.43769]]}},{"type":"Feature","properties":{"color":"#7cc428","style":"fine"},"geometry":{"type":"LineString","coordinates":[[8.89216,44.43765],[8.89233,44.4377]]}},{"type":"Feature","properties":{"color":"#a0cc1b","style":"fine"},"geometry":{"type":"LineString","coordinates":[[8.89245,44.4375],[8.89221,44.43746]]}},{"type":"Feature","properties":{"color":"#70c22c","style":"fine"},"geometry":{"type":"LineString","coordinates":[[8.88689,44.43602],[8.88684,44.43593]]}},{"type":"Feature","properties":{"color":"#74c32b","style":"fine"},"geometry":{"type":"LineString","coordinates":[[8.88764,44.43781],[8.88791,44.43787],[8.88792,44.43794]]}},{"type":"Feature","properties":{"color":"#83c625","style":"fine"},"geometry":{"type":"LineString","coordinates":[[8.89238,44.43653],[8.89239,44.43647]]}},{"type":"Feature","properties":{"color":"#80c526","style":"fine"},"geometry":{"type":"LineString","coordinates":[[8.89464,44.41372],[8.89476,44.41355],[8.89511,44.41353],[8.89543,44.41357],[8.89598,44.41369],[8.89634,44.41377],[8.89661,44.41374],[8.89678,44.41357],[8.89673,44.4134],[8.89649,44.4132],[8.89612,44.41287],[8.89615,44.41269]]}},{"type":"Feature","properties":{"color":"#33b641","style":"fine"},"geometry":{"type":"LineString","coordinates":[[8.88693,44.41363],[8.8862,44.41381]]}},{"type":"Feature","properties":{"color":"#62bf31","style":"fine"},"geometry":{"type":"LineString","coordinates":[[8.8862,44.41381],[8.88568,44.41396]]}},{"type":"Feature","properties":{"color":"#44b93c","style":"fine"},"geometry":{"type":"LineString","coordinates":[[8.88605,44.4139],[8.88568,44.41396]]}},{"type":"Feature","properties":{"color":"#74c32b","style":"fine"},"geometry":{"type":"LineString","coordinates":[[8.88686,44.41371],[8.88605,44.4139]]}},{"type":"Feature","properties":{"color":"#9ccb1d","style":"fine"},"geometry":{"type":"LineString","coordinates":[[8.88551,44.41754],[8.88567,44.41776]]}},{"type":"Feature","properties":{"color":"#28b446","style":"fine"},"geometry":{"type":"LineString","coordinates":[[8.88385,44.41397],[8.88369,44.41431],[8.88364,44.41437]]}},{"type":"Feature","properties":{"color":"#89c723","style":"fine"},"geometry":{"type":"LineString","coordinates":[[8.90943,44.41253],[8.90917,44.41226],[8.909,44.41209],[8.9085,44.41158]]}},{"type":"Feature","properties":{"color":"#7bc428","style":"fine"},"geometry":{"type":"LineString","coordinates":[[8.90854,44.41123],[8.90889,44.4117],[8.90928,44.41209],[8.90955,44.41242],[8.90979,44.41265],[8.90995,44.4128]]}},{"type":"Feature","properties":{"color":"#7fc527","style":"fine"},"geometry":{"type":"LineString","coordinates":[[8.88843,44.41236],[8.8884,44.41258],[8.88824,44.41279]]}},{"type":"Feature","properties":{"color":"#2ab444","style":"fine"},"geometry":{"type":"LineString","coordinates":[[8.88281,44.41464],[8.88336,44.41442]]}},{"type":"Feature","properties":{"color":"#53bc36","style":"fine"},"geometry":{"type":"LineString","coordinates":[[8.88726,44.41355],[8.88712,44.41366]]}},{"type":"Feature","properties":{"color":"#8ec821","style":"fine"},"geometry":{"type":"LineString","coordinates":[[8.91547,44.41497],[8.91527,44.41505]]}},{"type":"Feature","properties":{"color":"#90c821","style":"fine"},"geometry":{"type":"LineString","coordinates":[[8.88763,44.43803],[8.88759,44.43784],[8.88764,44.43781]]}},{"type":"Feature","properties":{"color":"#60bf32","style":"fine"},"geometry":{"type":"LineString","coordinates":[[8.89434,44.42503],[8.89421,44.42485],[8.89408,44.42461],[8.89402,44.42444],[8.89394,44.42419],[8.89393,44.42412]]}},{"type":"Feature","properties":{"color":"#78c429","style":"fine"},"geometry":{"type":"LineString","coordinates":[[8.90172,44.41851],[8.90199,44.41825],[8.90229,44.41777]]}},{"type":"Feature","properties":{"color":"#28b446","style":"fine"},"geometry":{"type":"LineString","coordinates":[[8.9023,44.41612],[8.90195,44.41539],[8.90183,44.4152],[8.90171,44.41503],[8.90147,44.41476],[8.90103,44.41435]]}},{"type":"Feature","properties":{"color":"#8bc723","style":"fine"},"geometry":{"type":"LineString","coordinates":[[8.90274,44.41768],[8.90266,44.41786]]}},{"type":"Feature","properties":{"color":"#6cc12e","style":"fine"},"geometry":{"type":"LineString","coordinates":[[8.90225,44.41827],[8.90193,44.41864],[8.9016,44.41904],[8.90132,44.4193]]}},{"type":"Feature","properties":{"color":"#98ca1e","style":"fine"},"geometry":{"type":"LineString","coordinates":[[8.91691,44.41493],[8.91642,44.41484],[8.9161,44.41484],[8.91554,44.41495]]}},{"type":"Feature","properties":{"color":"#a8cd19","style":"fine"},"geometry":{"type":"LineString","coordinates":[[8.90984,44.41288],[8.90995,44.4128]]}},{"type":"Feature","properties":{"color":"#51bc37","style":"fine"},"geometry":{"type":"LineString","coordinates":[[8.90984,44.41288],[8.90943,44.41253]]}},{"type":"Feature","properties":{"color":"#42b93c","style":"fine"},"geometry":{"type":"LineString","coordinates":[[8.89103,44.41243],[8.89046,44.41259],[8.89,44.41273],[8.88961,44.41284],[8.88948,44.41288]]}},{"type":"Feature","properties":{"color":"#6cc12d","style":"fine"},"geometry":{"type":"LineString","coordinates":[[8.89251,44.41199],[8.89169,44.41223]]}},{"type":"Feature","properties":{"color":"#41b93d","style":"fine"},"geometry":{"type":"LineString","coordinates":[[8.89165,44.41216],[8.89219,44.412],[8.89248,44.41192]]}},{"type":"Feature","properties":{"color":"#55bd36","style":"fine"},"geometry":{"type":"LineString","coordinates":[[8.89422,44.41167],[8.89369,44.41171],[8.89341,44.41174],[8.89251,44.41199]]}},{"type":"Feature","properties":{"color":"#62bf31","style":"fine"},"geometry":{"type":"LineString","coordinates":[[8.88712,44.41366],[8.88694,44.41379],[8.88681,44.41391]]}},{"type":"Feature","properties":{"color":"#f0b128","style":"fine"},"geometry":{"type":"LineString","coordinates":[[8.90891,44.41141],[8.90915,44.41159],[8.90932,44.41173],[8.90952,44.41192],[8.90976,44.41215],[8.90993,44.41231]]}},{"type":"Feature","properties":{"color":"#63bf31","style":"fine"},"geometry":{"type":"LineString","coordinates":[[8.88879,44.41305],[8.88856,44.41308]]}},{"type":"Feature","properties":{"color":"#6bc12e","style":"fine"},"geometry":{"type":"LineString","coordinates":[[8.88527,44.41706],[8.88532,44.41723]]}},{"type":"Feature","properties":{"color":"#94c920","style":"fine"},"geometry":{"type":"LineString","coordinates":[[8.8891,44.42722],[8.89004,44.42875],[8.89025,44.42921],[8.89037,44.42954]]}},{"type":"Feature","properties":{"color":"#62bf31","style":"fine"},"geometry":{"type":"LineString","coordinates":[[8.8834,44.41454],[8.88336,44.41442]]}},{"type":"Feature","properties":{"color":"#44b93c","style":"fine"},"geometry":{"type":"LineString","coordinates":[[8.88346,44.41456],[8.8834,44.41454]]}},{"type":"Feature","properties":{"color":"#28b446","style":"fine"},"geometry":{"type":"LineString","coordinates":[[8.88346,44.41434],[8.88364,44.41437]]}},{"type":"Feature","properties":{"color":"#55bd36","style":"fine"},"geometry":{"type":"LineString","coordinates":[[8.88336,44.41442],[8.88346,44.41434]]}},{"type":"Feature","properties":{"color":"#5fbf32","style":"fine"},"geometry":{"type":"LineString","coordinates":[[8.88827,44.41197],[8.88821,44.41197]]}},{"type":"Feature","properties":{"color":"#e5d903","style":"fine"},"geometry":{"type":"LineString","coordinates":[[8.91455,44.41933],[8.91476,44.4192],[8.915,44.41901]]}},{"type":"Feature","properties":{"color":"#a4cc1a","style":"fine"},"geometry":{"type":"LineString","coordinates":[[8.91557,44.41878],[8.91547,44.41879]]}},{"type":"Feature","properties":{"color":"#8bc723","style":"fine"},"geometry":{"type":"LineString","coordinates":[[8.88677,44.41931],[8.88698,44.41962],[8.88712,44.41982],[8.88735,44.42014],[8.88786,44.42088],[8.8882,44.42134],[8.88847,44.42171]]}},{"type":"Feature","properties":{"color":"#97ca1f","style":"fine"},"geometry":{"type":"LineString","coordinates":[[8.89234,44.43673],[8.89238,44.43653]]}},{"type":"Feature","properties":{"color":"#a6cd19","style":"fine"},"geometry":{"type":"LineString","coordinates":[[8.88196,44.42394],[8.88187,44.42383]]}},{"type":"Feature","properties":{"color":"#88c724","style":"fine"},"geometry":{"type":"LineString","coordinates":[[8.88196,44.42394],[8.88216,44.42405],[8.88228,44.42411]]}},{"type":"Feature","properties":{"color":"#3cb83e","style":"fine"},"geometry":{"type":"LineString","coordinates":[[8.88401,44.41369],[8.88404,44.41365]]}},{"type":"Feature","properties":{"color":"#4ebb38","style":"fine"},"geometry":{"type":"LineString","coordinates":[[8.88393,44.41382],[8.88401,44.41369]]}},{"type":"Feature","properties":{"color":"#2fb543","style":"fine"},"geometry":{"type":"LineString","coordinates":[[8.88385,44.41397],[8.88393,44.41382]]}},{"type":"Feature","properties":{"color":"#46ba3b","style":"fine"},"geometry":{"type":"LineString","coordinates":[[8.88401,44.4144],[8.88368,44.41447]]}},{"type":"Feature","properties":{"color":"#30b542","style":"fine"},"geometry":{"type":"LineString","coordinates":[[8.88364,44.41437],[8.88368,44.41447]]}},{"type":"Feature","properties":{"color":"#56bd35","style":"fine"},"geometry":{"type":"LineString","coordinates":[[8.88501,44.41217],[8.88508,44.41206]]}},{"type":"Feature","properties":{"color":"#38b740","style":"fine"},"geometry":{"type":"LineString","coordinates":[[8.88533,44.41209],[8.88501,44.41217]]}},{"type":"Feature","properties":{"color":"#68c02f","style":"fine"},"geometry":{"type":"LineString","coordinates":[[8.88555,44.41206],[8.88533,44.41209]]}},{"type":"Feature","properties":{"color":"#4bbb39","style":"fine"},"geometry":{"type":"LineString","coordinates":[[8.88674,44.4119],[8.88598,44.412]]}},{"type":"Feature","properties":{"color":"#51bc37","style":"fine"},"geometry":{"type":"LineString","coordinates":[[8.91022,44.41311],[8.90996,44.41295]]}},{"type":"Feature","properties":{"color":"#76c32a","style":"fine"},"geometry":{"type":"LineString","coordinates":[[8.90995,44.4128],[8.91001,44.41284]]}},{"type":"Feature","properties":{"color":"#6fc22d","style":"fine"},"geometry":{"type":"LineString","coordinates":[[8.89101,44.41235],[8.89159,44.41218],[8.89165,44.41216]]}},{"type":"Feature","properties":{"color":"#4dbb38","style":"fine"},"geometry":{"type":"LineString","coordinates":[[8.88862,44.41289],[8.88869,44.41301]]}},{"type":"Feature","properties":{"color":"#5fbf32","style":"fine"},"geometry":{"type":"LineString","coordinates":[[8.88856,44.41308],[8.8883,44.41311]]}},{"type":"Feature","properties":{"color":"#41b93d","style":"fine"},"geometry":{"type":"LineString","coordinates":[[8.88904,44.41301],[8.88879,44.41305]]}},{"type":"Feature","properties":{"color":"#66c030","style":"fine"},"geometry":{"type":"LineString","coordinates":[[8.91204,44.41382],[8.91267,44.41408],[8.91283,44.41414]]}},{"type":"Feature","properties":{"color":"#78c429","style":"fine"},"geometry":{"type":"LineString","coordinates":[[8.91282,44.41426],[8.91272,44.41422]]}},{"type":"Feature","properties":{"color":"#8ac723","style":"fine"},"geometry":{"type":"LineString","coordinates":[[8.91272,44.41422],[8.9118,44.41382]]}},{"type":"Feature","properties":{"color":"#a5cd1a","style":"fine"},"geometry":{"type":"LineString","coordinates":[[8.89825,44.41206],[8.89836,44.41202]]}},{"type":"Feature","properties":{"color":"#6ec22d","style":"fine"},"geometry":{"type":"LineString","coordinates":[[8.89245,44.4375],[8.89233,44.4377]]}},{"type":"Feature","properties":{"color":"#b8d013","style":"fine"},"geometry":{"type":"LineString","coordinates":[[8.89315,44.43685],[8.89378,44.43702],[8.89428,44.43708],[8.89454,44.43715],[8.8948,44.43726],[8.89512,44.43739],[8.89536,44.43748],[8.89608,44.43777],[8.89635,44.43788],[8.89677,44.43805]]}},{"type":"Feature","properties":{"color":"#90c821","style":"fine"},"geometry":{"type":"LineString","coordinates":[[8.89221,44.43746],[8.89227,44.43715]]}},{"type":"Feature","properties":{"color":"#52bc37","style":"fine"},"geometry":{"type":"LineString","coordinates":[[8.88905,44.41293],[8.88956,44.41277]]}},{"type":"Feature","properties":{"color":"#37b740","style":"fine"},"geometry":{"type":"LineString","coordinates":[[8.89169,44.41223],[8.89117,44.41238],[8.89103,44.41243]]}},{"type":"Feature","properties":{"color":"#56bd35","style":"fine"},"geometry":{"type":"LineString","coordinates":[[8.88869,44.41301],[8.88905,44.41293]]}},{"type":"Feature","properties":{"color":"#a3cc1a","style":"fine"},"geometry":{"type":"LineString","coordinates":[[8.88241,44.42416],[8.88241,44.42422]]}},{"type":"Feature","properties":{"color":"#adce17","style":"fine"},"geometry":{"type":"LineString","coordinates":[[8.89288,44.43423],[8.89285,44.4344]]}},{"type":"Feature","properties":{"color":"#a1cc1b","style":"fine"},"geometry":{"type":"LineString","coordinates":[[8.89297,44.43371],[8.89292,44.43395],[8.89288,44.43423]]}},{"type":"Feature","properties":{"color":"#b2cf15","style":"fine"},"geometry":{"type":"LineString","coordinates":[[8.8923,44.43017],[8.89262,44.42974],[8.89285,44.42937],[8.89309,44.42899],[8.89317,44.42888]]}},{"type":"Feature","properties":{"color":"#86c625","style":"fine"},"geometry":{"type":"LineString","coordinates":[[8.89308,44.43313],[8.89297,44.43371]]}},{"type":"Feature","properties":{"color":"#b5d014","style":"fine"},"geometry":{"type":"LineString","coordinates":[[8.89277,44.43465],[8.89273,44.43444]]}},{"type":"Feature","properties":{"color":"#acce17","style":"fine"},"geometry":{"type":"LineString","coordinates":[[8.89317,44.43172],[8.89315,44.43218],[8.89309,44.43305],[8.89308,44.43313]]}},{"type":"Feature","properties":{"color":"#75c32a","style":"fine"},"geometry":{"type":"LineString","coordinates":[[8.91062,44.4133],[8.91022,44.41311]]}},{"type":"Feature","properties":{"color":"#82c626","style":"fine"},"geometry":{"type":"LineString","coordinates":[[8.91022,44.41311],[8.91014,44.41315]]}},{"type":"Feature","properties":{"color":"#49ba3a","style":"fine"},"geometry":{"type":"LineString","coordinates":[[8.88824,44.41279],[8.88808,44.41296]]}},{"type":"Feature","properties":{"color":"#6fc22c","style":"fine"},"geometry":{"type":"LineString","coordinates":[[8.88572,44.41566],[8.88546,44.41633],[8.8853,44.4169]]}},{"type":"Feature","properties":{"color":"#90c821","style":"fine"},"geometry":{"type":"LineString","coordinates":[[8.8923,44.43701],[8.89234,44.43673]]}},{"type":"Feature","properties":{"color":"#b4d014","style":"fine"},"geometry":{"type":"LineString","coordinates":[[8.89275,44.4372],[8.89257,44.43735]]}},{"type":"Feature","properties":{"color":"#9fcb1c","style":"fine"},"geometry":{"type":"LineString","coordinates":[[8.90964,44.41344],[8.90957,44.41357]]}},{"type":"Feature","properties":{"color":"#a0cc1b","style":"fine"},"geometry":{"type":"LineString","coordinates":[[8.91001,44.4179],[8.90987,44.41804],[8.9097,44.41822]]}},{"type":"Feature","properties":{"color":"#a4cc1a","style":"fine"},"geometry":{"type":"LineString","coordinates":[[8.89038,44.43772],[8.8899,44.43785],[8.88948,44.43795],[8.88892,44.43796],[8.88812,44.43794],[8.88799,44.43794]]}},{"type":"Feature","properties":{"color":"#8ec822","style":"fine"},"geometry":{"type":"LineString","coordinates":[[8.88361,44.43736],[8.88416,44.43704],[8.88454,44.4369],[8.88501,44.43679],[8.88549,44.43672],[8.88597,44.4365],[8.88665,44.43619],[8.88692,44.43608]]}},{"type":"Feature","properties":{"color":"#6fc22c","style":"fine"},"geometry":{"type":"LineString","coordinates":[[8.88917,44.43556],[8.88929,44.43527],[8.88946,44.43466],[8.88947,44.43424],[8.88949,44.43236],[8.88952,44.43009],[8.8895,44.42988],[8.88943,44.42964],[8.88933,44.42938],[8.88912,44.42896],[8.8888,44.42843]]}},{"type":"Feature","properties":{"color":"#74c32b","style":"fine"},"geometry":{"type":"LineString","coordinates":[[8.89198,44.42669],[8.89207,44.42683]]}},{"type":"Feature","properties":{"color":"#82c626","style":"fine"},"geometry":{"type":"LineString","coordinates":[[8.88919,44.42273],[8.88953,44.42321]]}},{"type":"Feature","properties":{"color":"#90c821","style":"fine"},"geometry":{"type":"LineString","coordinates":[[8.8868,44.43051],[8.88669,44.43027],[8.8866,44.43007],[8.8864,44.42985],[8.88586,44.42953],[8.88525,44.42917],[8.88503,44.42904],[8.88476,44.42896],[8.88419,44.42889],[8.8839,44.42886],[8.88367,44.42881],[8.88332,44.42865],[8.88302,44.42841],[8.88272,44.42806],[8.88254,44.42786],[8.88236,44.4276],[8.88216,44.42731],[8.8819,44.427],[8.88173,44.42677],[8.88165,44.42659],[8.88176,44.42631],[8.88259,44.42559],[8.88272,44.42536],[8.88269,44.42512],[8.88264,44.42492],[8.88259,44.42471],[8.88246,44.4245]]}},{"type":"Feature","properties":{"color":"#8cc822","style":"fine"},"geometry":{"type":"LineString","coordinates":[[8.88259,44.42396],[8.88241,44.42416]]}},{"type":"Feature","properties":{"color":"#9dcb1c","style":"fine"},"geometry":{"type":"LineString","coordinates":[[8.88232,44.4241],[8.88259,44.42396]]}},{"type":"Feature","properties":{"color":"#95c91f","style":"fine"},"geometry":{"type":"LineString","coordinates":[[8.88246,44.4245],[8.8823,44.42426]]}},{"type":"Feature","properties":{"color":"#6ac12e","style":"fine"},"geometry":{"type":"LineString","coordinates":[[8.88241,44.42422],[8.88246,44.4245]]}},{"type":"Feature","properties":{"color":"#67c02f","style":"fine"},"geometry":{"type":"LineString","coordinates":[[8.88573,44.42183],[8.88645,44.42291],[8.88655,44.42304]]}},{"type":"Feature","properties":{"color":"#5abe34","style":"fine"},"geometry":{"type":"LineString","coordinates":[[8.88564,44.42169],[8.88568,44.42175]]}},{"type":"Feature","properties":{"color":"#9bcb1d","style":"fine"},"geometry":{"type":"LineString","coordinates":[[8.88568,44.42175],[8.88573,44.42183]]}},{"type":"Feature","properties":{"color":"#72c22b","style":"fine"},"geometry":{"type":"LineString","coordinates":[[8.88713,44.42399],[8.88655,44.42304]]}},{"type":"Feature","properties":{"color":"#63bf31","style":"fine"},"geometry":{"type":"LineString","coordinates":[[8.88478,44.42058],[8.88494,44.42074],[8.88537,44.42129],[8.88564,44.42169]]}},{"type":"Feature","properties":{"color":"#5cbe33","style":"fine"},"geometry":{"type":"LineString","coordinates":[[8.8894,44.43769],[8.8894,44.43688],[8.88938,44.43652],[8.88919,44.43623],[8.88912,44.43601],[8.88912,44.43585]]}},{"type":"Feature","properties":{"color":"#f0a428","style":"fine"},"geometry":{"type":"LineString","coordinates":[[8.89038,44.43772],[8.8904,44.43822],[8.89041,44.43844]]}},{"type":"Feature","properties":{"color":"#cad40d","style":"fine"},"geometry":{"type":"LineString","coordinates":[[8.91699,44.426],[8.91684,44.426]]}},{"type":"Feature","properties":{"color":"#f0a928","style":"fine"},"geometry":{"type":"LineString","coordinates":[[8.88577,44.42174],[8.88657,44.42298]]}},{"type":"Feature","properties":{"color":"#55bd36","style":"fine"},"geometry":{"type":"LineString","coordinates":[[8.88199,44.41878],[8.88099,44.4176],[8.88034,44.41685],[8.87987,44.41636]]}},{"type":"Feature","properties":{"color":"#79c429","style":"fine"},"geometry":{"type":"LineString","coordinates":[[8.88518,44.42271],[8.88477,44.42207]]}},{"type":"Feature","properties":{"color":"#5fbf32","style":"fine"},"geometry":{"type":"LineString","coordinates":[[8.8888,44.42843],[8.88821,44.42745]]}},{"type":"Feature","properties":{"color":"#90c821","style":"fine"},"geometry":{"type":"LineString","coordinates":[[8.88938,44.43925],[8.8894,44.43845],[8.8894,44.43805],[8.8894,44.43788]]}},{"type":"Feature","properties":{"color":"#72c22b","style":"fine"},"geometry":{"type":"LineString","coordinates":[[8.8894,44.43788],[8.8894,44.43769]]}},{"type":"Feature","properties":{"color":"#82c626","style":"fine"},"geometry":{"type":"LineString","coordinates":[[8.88518,44.42271],[8.88505,44.42264]]}},{"type":"Feature","properties":{"color":"#78c429","style":"fine"},"geometry":{"type":"LineString","coordinates":[[8.89171,44.42631],[8.89194,44.42665]]}},{"type":"Feature","properties":{"color":"#a4cc1a","style":"fine"},"geometry":{"type":"LineString","coordinates":[[8.88863,44.42193],[8.88883,44.42222],[8.88919,44.42273]]}},{"type":"Feature","properties":{"color":"#3db83e","style":"fine"},"geometry":{"type":"LineString","coordinates":[[8.88079,44.41576],[8.88098,44.41601],[8.88164,44.41679],[8.88187,44.41719],[8.88215,44.41757],[8.88478,44.42058]]}},{"type":"Feature","properties":{"color":"#68c02f","style":"fine"},"geometry":{"type":"LineString","coordinates":[[8.91558,44.41551],[8.91541,44.41538],[8.91516,44.41522]]}},{"type":"Feature","properties":{"color":"#8ac723","style":"fine"},"geometry":{"type":"LineString","coordinates":[[8.88505,44.42264],[8.88481,44.42229],[8.88455,44.42216],[8.88435,44.42216]]}},{"type":"Feature","properties":{"color":"#6fc22d","style":"fine"},"geometry":{"type":"LineString","coordinates":[[8.89038,44.43453],[8.89036,44.43543],[8.89031,44.43754],[8.89031,44.43788],[8.8903,44.43816],[8.89033,44.43849],[8.89046,44.43901]]}},{"type":"Feature","properties":{"color":"#28b446","style":"fine"},"geometry":{"type":"LineString","coordinates":[[8.88052,44.41534],[8.88043,44.4152]]}},{"type":"Feature","properties":{"color":"#b8d013","style":"fine"},"geometry":{"type":"LineString","coordinates":[[8.88443,44.42215],[8.88435,44.42216]]}},{"type":"Feature","properties":{"color":"#6ac12e","style":"fine"},"geometry":{"type":"LineString","coordinates":[[8.88953,44.42321],[8.88988,44.42371],[8.89044,44.42451],[8.89048,44.42456]]}},{"type":"Feature","properties":{"color":"#93c920","style":"fine"},"geometry":{"type":"LineString","coordinates":[[8.88821,44.42745],[8.888,44.42709],[8.88697,44.42549],[8.88562,44.42341],[8.88524,44.42282]]}},{"type":"Feature","properties":{"color":"#6cc12d","style":"fine"},"geometry":{"type":"LineString","coordinates":[[8.89145,44.42594],[8.89157,44.42611],[8.89171,44.42631]]}},{"type":"Feature","properties":{"color":"#90c821","style":"fine"},"geometry":{"type":"LineString","coordinates":[[8.89115,44.42552],[8.89145,44.42594]]}},{"type":"Feature","properties":{"color":"#f09b28","style":"fine"},"geometry":{"type":"LineString","coordinates":[[8.90993,44.41231],[8.91011,44.41247],[8.91039,44.41266],[8.9107,44.41281],[8.91105,44.41303]]}},{"type":"Feature","properties":{"color":"#9aca1d","style":"fine"},"geometry":{"type":"LineString","coordinates":[[8.90172,44.41851],[8.9018,44.4181],[8.90201,44.41768]]}},{"type":"Feature","properties":{"color":"#48ba3a","style":"fine"},"geometry":{"type":"LineString","coordinates":[[8.90201,44.41768],[8.90213,44.41747],[8.90246,44.41712]]}},{"type":"Feature","properties":{"color":"#81c526","style":"fine"},"geometry":{"type":"LineString","coordinates":[[8.88086,44.42763],[8.88019,44.42748],[8.8711,44.42461]]}},{"type":"Feature","properties":{"color":"#51bc37","style":"fine"},"geometry":{"type":"LineString","coordinates":[[8.88156,44.42772],[8.88186,44.42777],[8.88221,44.42781],[8.88262,44.42782],[8.88299,44.42781],[8.88335,44.42777],[8.88368,44.42771],[8.8841,44.4276],[8.88452,44.42746],[8.8849,44.42731],[8.88853,44.42582]]}},{"type":"Feature","properties":{"color":"#62bf31","style":"fine"},"geometry":{"type":"LineString","coordinates":[[8.88152,44.4278],[8.88119,44.42772],[8.88086,44.42763]]}},{"type":"Feature","properties":{"color":"#44b93c","style":"fine"},"geometry":{"type":"LineString","coordinates":[[8.88092,44.42753],[8.88124,44.42764],[8.88156,44.42772]]}},{"type":"Feature","properties":{"color":"#65c030","style":"fine"},"geometry":{"type":"LineString","coordinates":[[8.88713,44.42399],[8.88779,44.42507],[8.88889,44.42688],[8.88907,44.42717],[8.8891,44.42722]]}},{"type":"Feature","properties":{"color":"#9ecb1c","style":"fine"},"geometry":{"type":"LineString","coordinates":[[8.88684,44.43593],[8.8867,44.43563],[8.88653,44.43535],[8.88616,44.43498],[8.8859,44.43472],[8.88584,44.43443],[8.88585,44.43412],[8.88586,44.43339],[8.88587,44.43269],[8.8859,44.43249],[8.886,44.43224],[8.88614,44.43189],[8.8864,44.43166],[8.88663,44.43155],[8.88685,44.4313],[8.88685,44.43092],[8.88684,44.43071],[8.8868,44.43051]]}},{"type":"Feature","properties":{"color":"#6ac12e","style":"fine"},"geometry":{"type":"LineString","coordinates":[[8.90246,44.41712],[8.90252,44.41677],[8.90245,44.41648],[8.9023,44.41612]]}},{"type":"Feature","properties":{"color":"#90c821","style":"fine"},"geometry":{"type":"LineString","coordinates":[[8.9189,44.4154],[8.91691,44.41493]]}},{"type":"Feature","properties":{"color":"#77c32a","style":"fine"},"geometry":{"type":"LineString","coordinates":[[8.91563,44.41555],[8.91558,44.41551]]}},{"type":"Feature","properties":{"color":"#7ac429","style":"fine"},"geometry":{"type":"LineString","coordinates":[[8.88821,44.41197],[8.88805,44.41183]]}},{"type":"Feature","properties":{"color":"#53bc36","style":"fine"},"geometry":{"type":"LineString","coordinates":[[8.88101,44.41254],[8.88105,44.41272],[8.88093,44.41273]]}},{"type":"Feature","properties":{"color":"#82c626","style":"fine"},"geometry":{"type":"LineString","coordinates":[[8.88088,44.41256],[8.88101,44.41254]]}},{"type":"Feature","properties":{"color":"#56bd35","style":"fine"},"geometry":{"type":"LineString","coordinates":[[8.91508,44.41509],[8.91516,44.41512]]}},{"type":"Feature","properties":{"color":"#86c624","style":"fine"},"geometry":{"type":"LineString","coordinates":[[8.91508,44.41509],[8.91475,44.41502]]}},{"type":"Feature","properties":{"color":"#68c02f","style":"fine"},"geometry":{"type":"LineString","coordinates":[[8.91516,44.41512],[8.91536,44.41526],[8.91557,44.41549],[8.91558,44.41551]]}},{"type":"Feature","properties":{"color":"#98ca1e","style":"fine"},"geometry":{"type":"LineString","coordinates":[[8.91527,44.41505],[8.91508,44.41509]]}},{"type":"Feature","properties":{"color":"#5abe34","style":"fine"},"geometry":{"type":"LineString","coordinates":[[8.89067,44.42495],[8.8921,44.42437],[8.89337,44.42383],[8.89348,44.42379]]}},{"type":"Feature","properties":{"color":"#60bf32","style":"fine"},"geometry":{"type":"LineString","coordinates":[[8.89355,44.42386],[8.89226,44.4244],[8.89189,44.42457]]}},{"type":"Feature","properties":{"color":"#85c625","style":"fine"},"geometry":{"type":"LineString","coordinates":[[8.88724,44.43689],[8.88712,44.43665],[8.88699,44.43629],[8.88692,44.43608]]}},{"type":"Feature","properties":{"color":"#5fbf32","style":"fine"},"geometry":{"type":"LineString","coordinates":[[8.91569,44.41561],[8.91563,44.41555]]}},{"type":"Feature","properties":{"color":"#73c32b","style":"fine"},"geometry":{"type":"LineString","coordinates":[[8.91798,44.41667],[8.91734,44.4164],[8.91677,44.41616]]}},{"type":"Feature","properties":{"color":"#4cbb39","style":"fine"},"geometry":{"type":"LineString","coordinates":[[8.88853,44.42582],[8.89067,44.42495]]}},{"type":"Feature","properties":{"color":"#38b740","style":"fine"},"geometry":{"type":"LineString","coordinates":[[8.8883,44.41311],[8.88812,44.41312]]}},{"type":"Feature","properties":{"color":"#65c030","style":"fine"},"geometry":{"type":"LineString","coordinates":[[8.88808,44.41296],[8.88777,44.41322]]}},{"type":"Feature","properties":{"color":"#65c030","style":"fine"},"geometry":{"type":"LineString","coordinates":[[8.89103,44.41243],[8.8911,44.41262],[8.89116,44.4128],[8.89124,44.41304],[8.89126,44.41324],[8.89151,44.41337]]}},{"type":"Feature","properties":{"color":"#73c32b","style":"fine"},"geometry":{"type":"LineString","coordinates":[[8.88681,44.41391],[8.88653,44.41422],[8.88625,44.41457],[8.88597,44.41504]]}},{"type":"Feature","properties":{"color":"#54bc36","style":"fine"},"geometry":{"type":"LineString","coordinates":[[8.88597,44.41504],[8.8858,44.41543]]}},{"type":"Feature","properties":{"color":"#36b641","style":"fine"},"geometry":{"type":"LineString","coordinates":[[8.8858,44.41543],[8.88572,44.41566]]}},{"type":"Feature","properties":{"color":"#65c030","style":"fine"},"geometry":{"type":"LineString","coordinates":[[8.8853,44.4169],[8.88527,44.41706]]}},{"type":"Feature","properties":{"color":"#47ba3b","style":"fine"},"geometry":{"type":"LineString","coordinates":[[8.88532,44.41723],[8.88551,44.41754]]}},{"type":"Feature","properties":{"color":"#abce17","style":"fine"},"geometry":{"type":"LineString","coordinates":[[8.88567,44.41776],[8.88598,44.41821]]}},{"type":"Feature","properties":{"color":"#4dbb38","style":"fine"},"geometry":{"type":"LineString","coordinates":[[8.88293,44.41463],[8.88281,44.41464]]}},{"type":"Feature","properties":{"color":"#2eb543","style":"fine"},"geometry":{"type":"LineString","coordinates":[[8.88247,44.41472],[8.88222,44.41478]]}},{"type":"Feature","properties":{"color":"#5ebe33","style":"fine"},"geometry":{"type":"LineString","coordinates":[[8.88222,44.41478],[8.88215,44.41479]]}},{"type":"Feature","properties":{"color":"#3fb83d","style":"fine"},"geometry":{"type":"LineString","coordinates":[[8.88215,44.41479],[8.88186,44.41486],[8.88124,44.415]]}},{"type":"Feature","properties":{"color":"#4cbb39","style":"fine"},"geometry":{"type":"LineString","coordinates":[[8.88141,44.41379],[8.88133,44.41374]]}},{"type":"Feature","properties":{"color":"#7bc428","style":"fine"},"geometry":{"type":"LineString","coordinates":[[8.8813,44.41357],[8.8814,44.41371]]}},{"type":"Feature","properties":{"color":"#5dbe33","style":"fine"},"geometry":{"type":"LineString","coordinates":[[8.88121,44.4137],[8.8813,44.41357]]}},{"type":"Feature","properties":{"color":"#8dc822","style":"fine"},"geometry":{"type":"LineString","coordinates":[[8.8814,44.41371],[8.88133,44.41374]]}},{"type":"Feature","properties":{"color":"#48ba3a","style":"fine"},"geometry":{"type":"LineString","coordinates":[[8.88508,44.41206],[8.88516,44.41194]]}},{"type":"Feature","properties":{"color":"#f09a28","style":"fine"},"geometry":{"type":"LineString","coordinates":[[8.88657,44.42298],[8.88655,44.42304]]}},{"type":"Feature","properties":{"color":"#abce17","style":"fine"},"geometry":{"type":"LineString","coordinates":[[8.88241,44.42422],[8.8823,44.42426]]}},{"type":"Feature","properties":{"color":"#80c526","style":"fine"},"geometry":{"type":"LineString","coordinates":[[8.88126,44.41307],[8.88102,44.41278],[8.88093,44.41273]]}},{"type":"Feature","properties":{"color":"#dfd805","style":"fine"},"geometry":{"type":"LineString","coordinates":[[8.91411,44.41956],[8.91435,44.41943],[8.91455,44.41933]]}},{"type":"Feature","properties":{"color":"#64c030","style":"fine"},"geometry":{"type":"LineString","coordinates":[[8.88274,44.438],[8.8831,44.43768],[8.8834,44.43749],[8.88361,44.43736]]}},{"type":"Feature","properties":{"color":"#92c920","style":"fine"},"geometry":{"type":"LineString","coordinates":[[8.88166,44.4392],[8.88184,44.439],[8.88194,44.43878],[8.88206,44.43862],[8.88274,44.438]]}},{"type":"Feature","properties":{"color":"#9dcb1d","style":"fine"},"geometry":{"type":"LineString","coordinates":[[8.88699,44.43629],[8.88678,44.43619],[8.88665,44.43619]]}},{"type":"Feature","properties":{"color":"#28b446","style":"fine"},"geometry":{"type":"LineString","coordinates":[[8.88119,44.41501],[8.88109,44.41504]]}},{"type":"Feature","properties":{"color":"#4dbb38","style":"fine"},"geometry":{"type":"LineString","coordinates":[[8.88124,44.415],[8.88119,44.41501]]}},{"type":"Feature","properties":{"color":"#5fbf32","style":"fine"},"geometry":{"type":"LineString","coordinates":[[8.88109,44.41504],[8.88074,44.41513]]}},{"type":"Feature","properties":{"color":"#97ca1e","style":"fine"},"geometry":{"type":"LineString","coordinates":[[8.91652,44.41604],[8.91631,44.41592],[8.91606,44.41579],[8.91583,44.41569]]}},{"type":"Feature","properties":{"color":"#9dcb1c","style":"fine"},"geometry":{"type":"LineString","coordinates":[[8.91548,44.41496],[8.91547,44.41497]]}},{"type":"Feature","properties":{"color":"#7fc527","style":"fine"},"geometry":{"type":"LineString","coordinates":[[8.91554,44.41495],[8.91548,44.41496]]}},{"type":"Feature","properties":{"color":"#74c32b","style":"fine"},"geometry":{"type":"LineString","coordinates":[[8.88779,44.43805],[8.88763,44.43803]]}},{"type":"Feature","properties":{"color":"#56bd35","style":"fine"},"geometry":{"type":"LineString","coordinates":[[8.88778,44.43812],[8.88779,44.43805]]}},{"type":"Feature","properties":{"color":"#62bf31","style":"fine"},"geometry":{"type":"LineString","coordinates":[[8.88074,44.41513],[8.8807,44.41514]]}},{"type":"Feature","properties":{"color":"#8ac723","style":"fine"},"geometry":{"type":"LineString","coordinates":[[8.89468,44.4146],[8.89461,44.41482],[8.89457,44.41486]]}},{"type":"Feature","properties":{"color":"#6cc12e","style":"fine"},"geometry":{"type":"LineString","coordinates":[[8.89444,44.41472],[8.89457,44.41486]]}},{"type":"Feature","properties":{"color":"#a4cc1a","style":"fine"},"geometry":{"type":"LineString","coordinates":[[8.88598,44.41821],[8.88626,44.41861],[8.88653,44.41899],[8.88673,44.41926],[8.88677,44.41931]]}},{"type":"Feature","properties":{"color":"#8ac723","style":"fine"},"geometry":{"type":"LineString","coordinates":[[8.88847,44.42171],[8.88863,44.42193]]}},{"type":"Feature","properties":{"color":"#70c22c","style":"fine"},"geometry":{"type":"LineString","coordinates":[[8.89194,44.42665],[8.89198,44.42669]]}},{"type":"Feature","properties":{"color":"#a1cc1b","style":"fine"},"geometry":{"type":"LineString","coordinates":[[8.89333,44.42871],[8.8934,44.4289]]}},{"type":"Feature","properties":{"color":"#7bc428","style":"fine"},"geometry":{"type":"LineString","coordinates":[[8.89196,44.43172],[8.89193,44.43137],[8.89191,44.43114],[8.89191,44.4309],[8.89198,44.4307],[8.89224,44.43028],[8.8923,44.43017]]}},{"type":"Feature","properties":{"color":"#68c02f","style":"fine"},"geometry":{"type":"LineString","coordinates":[[8.89393,44.42412],[8.89391,44.4239]]}},{"type":"Feature","properties":{"color":"#5cbe33","style":"fine"},"geometry":{"type":"LineString","coordinates":[[8.89402,44.42366],[8.89401,44.4239],[8.89403,44.42417],[8.89409,44.4244],[8.89415,44.42458],[8.89429,44.42484],[8.89441,44.425]]}},{"type":"Feature","properties":{"color":"#8bc723","style":"fine"},"geometry":{"type":"LineString","coordinates":[[8.89405,44.42353],[8.89402,44.42366]]}},{"type":"Feature","properties":{"color":"#3bb73f","style":"fine"},"geometry":{"type":"LineString","coordinates":[[8.88948,44.41288],[8.8892,44.41296],[8.88904,44.41301]]}},{"type":"Feature","properties":{"color":"#6bc12e","style":"fine"},"geometry":{"type":"LineString","coordinates":[[8.88948,44.41288],[8.88911,44.4131]]}},{"type":"Feature","properties":{"color":"#96ca1f","style":"fine"},"geometry":{"type":"LineString","coordinates":[[8.88417,44.42221],[8.88408,44.42225]]}},{"type":"Feature","properties":{"color":"#a7cd19","style":"fine"},"geometry":{"type":"LineString","coordinates":[[8.88408,44.42225],[8.88363,44.42275]]}},{"type":"Feature","properties":{"color":"#9ecb1c","style":"fine"},"geometry":{"type":"LineString","coordinates":[[8.89286,44.43649],[8.89321,44.43659]]}},{"type":"Feature","properties":{"color":"#b9d113","style":"fine"},"geometry":{"type":"LineString","coordinates":[[8.89264,44.43641],[8.89286,44.43649]]}},{"type":"Feature","properties":{"color":"#92c920","style":"fine"},"geometry":{"type":"LineString","coordinates":[[8.89273,44.43444],[8.89267,44.43426]]}},{"type":"Feature","properties":{"color":"#74c32b","style":"fine"},"geometry":{"type":"LineString","coordinates":[[8.89285,44.4344],[8.89277,44.43465]]}},{"type":"Feature","properties":{"color":"#9dcb1c","style":"fine"},"geometry":{"type":"LineString","coordinates":[[8.8934,44.4289],[8.8934,44.42902]]}},{"type":"Feature","properties":{"color":"#6dc12d","style":"fine"},"geometry":{"type":"LineString","coordinates":[[8.88524,44.42282],[8.88518,44.42271]]}},{"type":"Feature","properties":{"color":"#b3cf15","style":"fine"},"geometry":{"type":"LineString","coordinates":[[8.88383,44.42208],[8.88413,44.42214],[8.8843,44.42217]]}},{"type":"Feature","properties":{"color":"#95c91f","style":"fine"},"geometry":{"type":"LineString","coordinates":[[8.8843,44.42217],[8.88417,44.42221]]}},{"type":"Feature","properties":{"color":"#c5d30e","style":"fine"},"geometry":{"type":"LineString","coordinates":[[8.88435,44.42216],[8.8843,44.42217]]}},{"type":"Feature","properties":{"color":"#b8d013","style":"fine"},"geometry":{"type":"LineString","coordinates":[[8.8934,44.42902],[8.89338,44.42922]]}},{"type":"Feature","properties":{"color":"#9aca1d","style":"fine"},"geometry":{"type":"LineString","coordinates":[[8.89317,44.42888],[8.89333,44.42871]]}},{"type":"Feature","properties":{"color":"#d7d708","style":"fine"},"geometry":{"type":"LineString","coordinates":[[8.91684,44.426],[8.91674,44.42583],[8.91658,44.42568],[8.91635,44.42559],[8.91601,44.42559],[8.91572,44.42559],[8.91547,44.42554],[8.91526,44.4254],[8.91515,44.42522],[8.91516,44.42503],[8.91534,44.42476],[8.91557,44.42453],[8.91584,44.42433],[8.91603,44.42421],[8.91617,44.42406],[8.91632,44.42383],[8.91636,44.42356]]}},{"type":"Feature","properties":{"color":"#b8d013","style":"fine"},"geometry":{"type":"LineString","coordinates":[[8.91636,44.42356],[8.91642,44.42317],[8.91647,44.42292],[8.9165,44.42272],[8.91656,44.4224],[8.91659,44.4222],[8.91664,44.42187],[8.91668,44.42163],[8.91675,44.42129]]}},{"type":"Feature","properties":{"color":"#85c625","style":"fine"},"geometry":{"type":"LineString","coordinates":[[8.89189,44.42457],[8.88481,44.42748],[8.88439,44.42763],[8.88406,44.42774],[8.88368,44.42783],[8.88326,44.4279],[8.88286,44.42793],[8.88247,44.42793],[8.88209,44.4279],[8.88171,44.42785],[8.88152,44.4278]]}},{"type":"Feature","properties":{"color":"#f08b28","style":"fine"},"geometry":{"type":"LineString","coordinates":[[8.89391,44.42479],[8.89368,44.42463],[8.89344,44.42449],[8.89313,44.4244],[8.89282,44.42436],[8.89246,44.4244],[8.89189,44.42457]]}},{"type":"Feature","properties":{"color":"#f0a328","style":"fine"},"geometry":{"type":"LineString","coordinates":[[8.89389,44.42287],[8.89373,44.42268],[8.89346,44.42259],[8.89317,44.4226],[8.89292,44.42272],[8.89279,44.42292],[8.89281,44.42312],[8.89297,44.42329],[8.89397,44.4237],[8.8942,44.42386],[8.89431,44.42407]]}},{"type":"Feature","properties":{"color":"#a5cd1a","style":"fine"},"geometry":{"type":"LineString","coordinates":[[8.88482,44.42205],[8.88477,44.42207]]}},{"type":"Feature","properties":{"color":"#88c724","style":"fine"},"geometry":{"type":"LineString","coordinates":[[8.88577,44.42174],[8.88574,44.42175]]}},{"type":"Feature","properties":{"color":"#34b641","style":"fine"},"geometry":{"type":"LineString","coordinates":[[8.88054,44.41518],[8.88043,44.4152]]}},{"type":"Feature","properties":{"color":"#45b93b","style":"fine"},"geometry":{"type":"LineString","coordinates":[[8.88055,44.41539],[8.88052,44.41534]]}},{"type":"Feature","properties":{"color":"#9ccb1d","style":"fine"},"geometry":{"type":"LineString","coordinates":[[8.90969,44.41336],[8.90964,44.41344]]}},{"type":"Feature","properties":{"color":"#7ec527","style":"fine"},"geometry":{"type":"LineString","coordinates":[[8.91001,44.41284],[8.91027,44.41295],[8.9105,44.41309]]}},{"type":"Feature","properties":{"color":"#b6d014","style":"fine"},"geometry":{"type":"LineString","coordinates":[[8.89214,44.43864],[8.89208,44.43886],[8.89201,44.43915]]}},{"type":"Feature","properties":{"color":"#98ca1e","style":"fine"},"geometry":{"type":"LineString","coordinates":[[8.89266,44.43518],[8.89244,44.43624]]}},{"type":"Feature","properties":{"color":"#6fc22c","style":"fine"},"geometry":{"type":"LineString","coordinates":[[8.89214,44.43769],[8.89216,44.43765]]}},{"type":"Feature","properties":{"color":"#92c920","style":"fine"},"geometry":{"type":"LineString","coordinates":[[8.8809,44.4208],[8.88076,44.42061]]}},{"type":"Feature","properties":{"color":"#c2d20f","style":"fine"},"geometry":{"type":"LineString","coordinates":[[8.88094,44.42076],[8.88111,44.42084]]}},{"type":"Feature","properties":{"color":"#b4d014","style":"fine"},"geometry":{"type":"LineString","coordinates":[[8.87973,44.41956],[8.88,44.41984],[8.88059,44.42043],[8.88076,44.42061]]}},{"type":"Feature","properties":{"color":"#7ec527","style":"fine"},"geometry":{"type":"LineString","coordinates":[[8.8809,44.4208],[8.88094,44.42076]]}},{"type":"Feature","properties":{"color":"#88c724","style":"fine"},"geometry":{"type":"LineString","coordinates":[[8.88076,44.42061],[8.88094,44.42076]]}},{"type":"Feature","properties":{"color":"#b8d013","style":"fine"},"geometry":{"type":"LineString","coordinates":[[8.88111,44.42084],[8.8812,44.42092]]}},{"type":"Feature","properties":{"color":"#8dc822","style":"fine"},"geometry":{"type":"LineString","coordinates":[[8.88104,44.4209],[8.8809,44.4208]]}},{"type":"Feature","properties":{"color":"#bdd111","style":"fine"},"geometry":{"type":"LineString","coordinates":[[8.88111,44.42084],[8.88104,44.4209]]}},{"type":"Feature","properties":{"color":"#bad112","style":"fine"},"geometry":{"type":"LineString","coordinates":[[8.8812,44.42092],[8.88104,44.4209]]}},{"type":"Feature","properties":{"color":"#f0db28","style":"fine"},"geometry":{"type":"LineString","coordinates":[[8.96209,44.43762],[8.96202,44.43672],[8.96198,44.43618],[8.96195,44.43596],[8.96185,44.43564],[8.96172,44.43534],[8.9613,44.43471],[8.96095,44.43431],[8.96078,44.43414],[8.96062,44.43399],[8.96004,44.43343],[8.95997,44.43336]]}},{"type":"Feature","properties":{"color":"#b0cf16","style":"fine"},"geometry":{"type":"LineString","coordinates":[[8.95602,44.41495],[8.95576,44.41483],[8.95548,44.41469],[8.95498,44.41445],[8.95426,44.4141],[8.95409,44.41401]]}},{"type":"Feature","properties":{"color":"#c4d30f","style":"fine"},"geometry":{"type":"LineString","coordinates":[[8.95612,44.41331],[8.95589,44.41336]]}},{"type":"Feature","properties":{"color":"#e8da02","style":"fine"},"geometry":{"type":"LineString","coordinates":[[8.95887,44.41255],[8.95849,44.41272],[8.95837,44.41275]]}},{"type":"Feature","properties":{"color":"#dad707","style":"fine"},"geometry":{"type":"LineString","coordinates":[[8.9625,44.43889],[8.96279,44.43988],[8.96307,44.44054],[8.9633,44.44107]]}},{"type":"Feature","properties":{"color":"#f0d528","style":"fine"},"geometry":{"type":"LineString","coordinates":[[8.96365,44.43871],[8.96356,44.43872]]}},{"type":"Feature","properties":{"color":"#bbd112","style":"fine"},"geometry":{"type":"LineString","coordinates":[[8.95589,44.41336],[8.95544,44.41347],[8.95481,44.41362],[8.9544,44.41372]]}},{"type":"Feature","properties":{"color":"#ddd806","style":"fine"},"geometry":{"type":"LineString","coordinates":[[8.96237,44.43176],[8.96304,44.4314]]}},{"type":"Feature","properties":{"color":"#e9da02","style":"fine"},"geometry":{"type":"LineString","coordinates":[[8.9564,44.43489],[8.95706,44.43466],[8.95746,44.43446],[8.96129,44.43239],[8.96182,44.43208],[8.96237,44.43176]]}},{"type":"Feature","properties":{"color":"#bdd111","style":"fine"},"geometry":{"type":"LineString","coordinates":[[8.97799,44.42182],[8.98259,44.41844],[8.98437,44.41719],[8.98617,44.41586],[8.98943,44.41318]]}},{"type":"Feature","properties":{"color":"#b6d014","style":"fine"},"geometry":{"type":"LineString","coordinates":[[8.95632,44.41373],[8.9567,44.41453]]}},{"type":"Feature","properties":{"color":"#98ca1e","style":"fine"},"geometry":{"type":"LineString","coordinates":[[8.9567,44.41453],[8.95666,44.41476],[8.95658,44.41482]]}},{"type":"Feature","properties":{"color":"#ded806","style":"fine"},"geometry":{"type":"LineString","coordinates":[[8.95717,44.41554],[8.95726,44.41571],[8.95735,44.4159],[8.95755,44.41633],[8.95762,44.41646]]}},{"type":"Feature","properties":{"color":"#ddd806","style":"fine"},"geometry":{"type":"LineString","coordinates":[[8.9586,44.41629],[8.95861,44.41641]]}},{"type":"Feature","properties":{"color":"#d3d609","style":"fine"},"geometry":{"type":"LineString","coordinates":[[8.95876,44.43091],[8.95987,44.43185],[8.96066,44.43253],[8.96107,44.43289],[8.96129,44.4331],[8.96173,44.43359],[8.96195,44.43385],[8.96215,44.43409],[8.9625,44.43463],[8.96252,44.43468]]}},{"type":"Feature","properties":{"color":"#f0ad28","style":"fine"},"geometry":{"type":"LineString","coordinates":[[8.9626,44.43888],[8.9625,44.43889]]}},{"type":"Feature","properties":{"color":"#ebdb01","style":"fine"},"geometry":{"type":"LineString","coordinates":[[8.96356,44.43872],[8.9626,44.43888]]}},{"type":"Feature","properties":{"color":"#bfd211","style":"fine"},"geometry":{"type":"LineString","coordinates":[[8.97565,44.42374],[8.97511,44.42412],[8.97464,44.42448],[8.97244,44.42609],[8.97025,44.42747],[8.96936,44.428],[8.96835,44.42856],[8.96784,44.42885],[8.96714,44.42929],[8.96563,44.43017],[8.96315,44.43151]]}},{"type":"Feature","properties":{"color":"#e2d904","style":"fine"},"geometry":{"type":"LineString","coordinates":[[8.97579,44.42364],[8.97565,44.42374]]}},{"type":"Feature","properties":{"color":"#bad112","style":"fine"},"geometry":{"type":"LineString","coordinates":[[8.97568,44.42354],[8.97623,44.42316],[8.97679,44.42274],[8.97752,44.42221]]}},{"type":"Feature","properties":{"color":"#ebdb01","style":"fine"},"geometry":{"type":"LineString","coordinates":[[8.97769,44.42228],[8.97631,44.42323],[8.97579,44.42364]]}},{"type":"Feature","properties":{"color":"#f0da28","style":"fine"},"geometry":{"type":"LineString","coordinates":[[8.9755,44.42366],[8.97568,44.42354]]}},{"type":"Feature","properties":{"color":"#dcd806","style":"fine"},"geometry":{"type":"LineString","coordinates":[[8.97752,44.42221],[8.97799,44.42182]]}},{"type":"Feature","properties":{"color":"#f0d428","style":"fine"},"geometry":{"type":"LineString","coordinates":[[8.97809,44.42199],[8.97769,44.42228]]}},{"type":"Feature","properties":{"color":"#afcf16","style":"fine"},"geometry":{"type":"LineString","coordinates":[[8.98953,44.41338],[8.98837,44.41442],[8.98719,44.41545],[8.98594,44.41643],[8.98465,44.41733],[8.98217,44.41916],[8.981,44.41999],[8.97984,44.42079],[8.97809,44.42199]]}},{"type":"Feature","properties":{"color":"#ddd806","style":"fine"},"geometry":{"type":"LineString","coordinates":[[8.96246,44.43188],[8.96193,44.43217],[8.96139,44.43247],[8.96062,44.43292],[8.95992,44.43328],[8.9597,44.4334],[8.95843,44.43411],[8.95759,44.43454],[8.9571,44.43479],[8.9567,44.435],[8.95642,44.43511]]}},{"type":"Feature","properties":{"color":"#c2d20f","style":"fine"},"geometry":{"type":"LineString","coordinates":[[8.96315,44.43151],[8.96246,44.43188]]}},{"type":"Feature","properties":{"color":"#e3d904","style":"fine"},"geometry":{"type":"LineString","coordinates":[[8.96304,44.4314],[8.9678,44.4286],[8.96903,44.42787],[8.97028,44.4271],[8.97055,44.42693],[8.97239,44.42576],[8.97447,44.42435],[8.9752,44.42386],[8.9755,44.42366]]}},{"type":"Feature","properties":{"color":"#c0d210","style":"fine"},"geometry":{"type":"LineString","coordinates":[[8.94933,44.43711],[8.9499,44.43699],[8.95049,44.43685],[8.95292,44.43609],[8.95608,44.435]]}},{"type":"Feature","properties":{"color":"#a2cc1b","style":"fine"},"geometry":{"type":"LineString","coordinates":[[8.9562,44.43519],[8.95543,44.4355],[8.95307,44.43627],[8.95107,44.43692],[8.95059,44.43703],[8.95009,44.43714],[8.94934,44.43721]]}},{"type":"Feature","properties":{"color":"#f0d928","style":"fine"},"geometry":{"type":"LineString","coordinates":[[8.96701,44.41994],[8.96676,44.41985],[8.96648,44.41972],[8.9662,44.41947],[8.96592,44.41931],[8.96587,44.41918]]}},{"type":"Feature","properties":{"color":"#f0d328","style":"fine"},"geometry":{"type":"LineString","coordinates":[[8.97185,44.41305],[8.97155,44.41307],[8.97126,44.41301],[8.97069,44.41289],[8.97037,44.41284],[8.96992,44.41281],[8.9694,44.41274],[8.96915,44.41271],[8.96894,44.41281],[8.9691,44.41299],[8.9695,44.41303],[8.96994,44.41305],[8.97061,44.41347],[8.97086,44.41357]]}},{"type":"Feature","properties":{"color":"#f0d828","style":"fine"},"geometry":{"type":"LineString","coordinates":[[8.96818,44.4202],[8.9685,44.42019],[8.96879,44.42025],[8.96911,44.42035],[8.96937,44.42043],[8.96962,44.42048],[8.97,44.42048],[8.97031,44.42043],[8.9706,44.42033],[8.97084,44.42027],[8.9711,44.42026],[8.97137,44.42028],[8.97167,44.42031],[8.97198,44.42041]]}},{"type":"Feature","properties":{"color":"#f0ce28","style":"fine"},"geometry":{"type":"LineString","coordinates":[[8.9592,44.42222],[8.95918,44.42194],[8.95913,44.42165],[8.95919,44.42143],[8.95923,44.42119],[8.95915,44.42098],[8.95937,44.4209],[8.95947,44.42133],[8.96,44.42221],[8.96035,44.42265],[8.96061,44.42307]]}},{"type":"Feature","properties":{"color":"#f0b128","style":"fine"},"geometry":{"type":"LineString","coordinates":[[8.97198,44.42041],[8.97222,44.42051]]}},{"type":"Feature","properties":{"color":"#f0cf28","style":"fine"},"geometry":{"type":"LineString","coordinates":[[8.97533,44.42156],[8.97562,44.42202],[8.97577,44.42219],[8.976,44.42238],[8.97624,44.42258],[8.97641,44.42272],[8.9768,44.42299],[8.97693,44.42315],[8.97715,44.42358],[8.97728,44.42378],[8.97748,44.42392],[8.97774,44.42404],[8.978,44.42425],[8.97819,44.42441],[8.97865,44.42482],[8.97911,44.42525],[8.9792,44.42536]]}},{"type":"Feature","properties":{"color":"#cfd50b","style":"fine"},"geometry":{"type":"LineString","coordinates":[[8.95397,44.417],[8.95437,44.4167],[8.95474,44.4164],[8.95509,44.41612],[8.95547,44.4158],[8.95594,44.41544]]}},{"type":"Feature","properties":{"color":"#e5d903","style":"fine"},"geometry":{"type":"LineString","coordinates":[[8.97086,44.41357],[8.97133,44.41355],[8.97183,44.41366],[8.9722,44.41377],[8.97245,44.41382],[8.97283,44.4139],[8.97329,44.41408],[8.974,44.41415],[8.97443,44.41417],[8.97491,44.41432],[8.97531,44.41446],[8.97562,44.41452],[8.97607,44.41456],[8.97634,44.41458],[8.9766,44.41459],[8.97684,44.41448],[8.977,44.41432],[8.97725,44.41413],[8.97751,44.41412],[8.97786,44.41423],[8.97808,44.41433],[8.97835,44.41448],[8.97837,44.41468],[8.97797,44.41473],[8.97759,44.41473],[8.97718,44.41487],[8.97682,44.41498],[8.97637,44.41501],[8.97606,44.41504],[8.97579,44.4152],[8.9754,44.41517],[8.97511,44.41518],[8.97515,44.41536],[8.97544,44.41539],[8.97578,44.41537],[8.97602,44.41529],[8.97663,44.41527],[8.97692,44.41526],[8.97778,44.41513],[8.97812,44.41525],[8.97837,44.41539],[8.97884,44.41556],[8.97923,44.41567],[8.97958,44.41574],[8.97976,44.41581]]}},{"type":"Feature","properties":{"color":"#eedb00","style":"fine"},"geometry":{"type":"LineString","coordinates":[[8.96587,44.41918],[8.96613,44.4193],[8.96645,44.41938],[8.96698,44.4196],[8.96715,44.41983],[8.96723,44.42],[8.96723,44.42002]]}},{"type":"Feature","properties":{"color":"#f0d128","style":"fine"},"geometry":{"type":"LineString","coordinates":[[8.96549,44.43921],[8.96541,44.43874],[8.96531,44.43837],[8.96523,44.43777],[8.96537,44.43759],[8.96564,44.4376],[8.96574,44.43796],[8.96577,44.43842],[8.96619,44.43885],[8.96632,44.43894]]}},{"type":"Feature","properties":{"color":"#f0b428","style":"fine"},"geometry":{"type":"LineString","coordinates":[[8.96655,44.43887],[8.96653,44.43905],[8.96647,44.43908]]}},{"type":"Feature","properties":{"color":"#f0a628","style":"fine"},"geometry":{"type":"LineString","coordinates":[[8.96632,44.43894],[8.96655,44.43887]]}},{"type":"Feature","properties":{"color":"#bad112","style":"fine"},"geometry":{"type":"LineString","coordinates":[[8.95205,44.42757],[8.95273,44.4277],[8.953,44.42775],[8.95335,44.42782],[8.95393,44.42794],[8.95416,44.428],[8.9547,44.42818],[8.95541,44.42848],[8.95577,44.42866],[8.95618,44.42889],[8.95657,44.42911],[8.95702,44.42943],[8.9573,44.42963],[8.95753,44.42983],[8.95775,44.43001],[8.95798,44.43022],[8.95876,44.43091]]}},{"type":"Feature","properties":{"color":"#eada01","style":"fine"},"geometry":{"type":"LineString","coordinates":[[8.95717,44.41554],[8.95687,44.41543]]}},{"type":"Feature","properties":{"color":"#adce17","style":"fine"},"geometry":{"type":"LineString","coordinates":[[8.95687,44.41543],[8.95643,44.41523],[8.9563,44.41509]]}},{"type":"Feature","properties":{"color":"#e8da02","style":"fine"},"geometry":{"type":"LineString","coordinates":[[8.95837,44.41275],[8.95781,44.41289]]}},{"type":"Feature","properties":{"color":"#eddb00","style":"fine"},"geometry":{"type":"LineString","coordinates":[[8.95687,44.41543],[8.95678,44.41524]]}},{"type":"Feature","properties":{"color":"#f0a028","style":"fine"},"geometry":{"type":"LineString","coordinates":[[8.97506,44.42158],[8.97533,44.42156]]}},{"type":"Feature","properties":{"color":"#bad112","style":"fine"},"geometry":{"type":"LineString","coordinates":[[8.95714,44.41547],[8.95717,44.41554]]}},{"type":"Feature","properties":{"color":"#e2d904","style":"fine"},"geometry":{"type":"LineString","coordinates":[[8.9563,44.41509],[8.95678,44.41524]]}},{"type":"Feature","properties":{"color":"#e6da03","style":"fine"},"geometry":{"type":"LineString","coordinates":[[8.95652,44.41845],[8.95582,44.41806],[8.95536,44.4178]]}},{"type":"Feature","properties":{"color":"#f0ae28","style":"fine"},"geometry":{"type":"LineString","coordinates":[[8.95841,44.41909],[8.95847,44.41948],[8.95849,44.41969],[8.95844,44.42017],[8.9585,44.42076],[8.95856,44.42094],[8.95881,44.42134],[8.95888,44.42154],[8.95887,44.42186],[8.95894,44.42205],[8.95911,44.42221],[8.9592,44.42222]]}},{"type":"Feature","properties":{"color":"#f0c628","style":"fine"},"geometry":{"type":"LineString","coordinates":[[8.95839,44.41903],[8.95841,44.41909]]}},{"type":"Feature","properties":{"color":"#bed211","style":"fine"},"geometry":{"type":"LineString","coordinates":[[8.9567,44.41453],[8.95678,44.41471],[8.95693,44.415],[8.95714,44.41547]]}},{"type":"Feature","properties":{"color":"#cdd50b","style":"fine"},"geometry":{"type":"LineString","coordinates":[[8.97194,44.41301],[8.97185,44.41305]]}},{"type":"Feature","properties":{"color":"#bdd111","style":"fine"},"geometry":{"type":"LineString","coordinates":[[8.96248,44.41678],[8.96276,44.41681],[8.96316,44.41703],[8.9635,44.41717],[8.9638,44.4172],[8.96416,44.41722],[8.96443,44.41731],[8.96484,44.41751],[8.96505,44.41775],[8.96514,44.41801],[8.96518,44.41829],[8.96519,44.41847],[8.96529,44.41868],[8.96552,44.41891],[8.9657,44.41905],[8.96587,44.41918]]}},{"type":"Feature","properties":{"color":"#e5d903","style":"fine"},"geometry":{"type":"LineString","coordinates":[[8.9608,44.41672],[8.96125,44.41674],[8.96153,44.41675],[8.96248,44.41678]]}},{"type":"Feature","properties":{"color":"#abce18","style":"fine"},"geometry":{"type":"LineString","coordinates":[[8.95781,44.41289],[8.95752,44.41296],[8.95719,44.41304],[8.95714,44.41304]]}},{"type":"Feature","properties":{"color":"#f0be28","style":"fine"},"geometry":{"type":"LineString","coordinates":[[8.96655,44.43887],[8.96646,44.43848],[8.96642,44.4383],[8.96632,44.43782],[8.96621,44.4373],[8.96614,44.43701],[8.9661,44.43682],[8.96602,44.43657],[8.96584,44.43643],[8.96573,44.43622],[8.96597,44.43611],[8.96629,44.43612],[8.96642,44.43609]]}},{"type":"Feature","properties":{"color":"#aece16","style":"fine"},"geometry":{"type":"LineString","coordinates":[[8.95891,44.41247],[8.95887,44.41255]]}},{"type":"Feature","properties":{"color":"#f0cb28","style":"fine"},"geometry":{"type":"LineString","coordinates":[[8.96769,44.42017],[8.96742,44.42008],[8.96723,44.42002]]}},{"type":"Feature","properties":{"color":"#aace18","style":"fine"},"geometry":{"type":"LineString","coordinates":[[8.95741,44.41651],[8.9572,44.4161],[8.95704,44.41576],[8.95693,44.41554],[8.95687,44.41543]]}},{"type":"Feature","properties":{"color":"#d4d609","style":"fine"},"geometry":{"type":"LineString","coordinates":[[8.95861,44.41641],[8.9588,44.41684],[8.95893,44.4171],[8.9585,44.41724],[8.95732,44.41753]]}},{"type":"Feature","properties":{"color":"#e9da02","style":"fine"},"geometry":{"type":"LineString","coordinates":[[8.95876,44.41781],[8.95905,44.41788],[8.95935,44.41802],[8.95957,44.41815],[8.95982,44.41823],[8.96006,44.41827],[8.96047,44.41831],[8.96078,44.41831],[8.96114,44.41826],[8.96148,44.41822],[8.96211,44.41815],[8.96237,44.41817],[8.96301,44.41851],[8.96392,44.41904],[8.96379,44.41925],[8.96342,44.41916],[8.96303,44.41893],[8.96268,44.41875],[8.96235,44.41872],[8.9621,44.41874],[8.9616,44.4188],[8.96106,44.41888],[8.96074,44.41885],[8.96041,44.41881],[8.95924,44.41869],[8.9588,44.41864],[8.95852,44.41875],[8.95839,44.41895],[8.95839,44.41903]]}},{"type":"Feature","properties":{"color":"#e3d904","style":"fine"},"geometry":{"type":"LineString","coordinates":[[8.95732,44.41753],[8.95728,44.41762]]}},{"type":"Feature","properties":{"color":"#f0d228","style":"fine"},"geometry":{"type":"LineString","coordinates":[[8.95739,44.41768],[8.95787,44.41772],[8.95846,44.41778],[8.95876,44.41781]]}},{"type":"Feature","properties":{"color":"#e0d805","style":"fine"},"geometry":{"type":"LineString","coordinates":[[8.95844,44.41626],[8.95811,44.41634],[8.9577,44.41644],[8.95741,44.41651]]}},{"type":"Feature","properties":{"color":"#f0d928","style":"fine"},"geometry":{"type":"LineString","coordinates":[[8.95717,44.41554],[8.95784,44.41597],[8.95805,44.4161],[8.95844,44.41626]]}},{"type":"Feature","properties":{"color":"#9dcb1c","style":"fine"},"geometry":{"type":"LineString","coordinates":[[8.95658,44.41482],[8.95642,44.41499],[8.9563,44.41509]]}},{"type":"Feature","properties":{"color":"#c6d30e","style":"fine"},"geometry":{"type":"LineString","coordinates":[[8.96371,44.43893],[8.96369,44.43885]]}},{"type":"Feature","properties":{"color":"#f0d828","style":"fine"},"geometry":{"type":"LineString","coordinates":[[8.96369,44.43885],[8.96365,44.43871]]}},{"type":"Feature","properties":{"color":"#f0c128","style":"fine"},"geometry":{"type":"LineString","coordinates":[[8.96723,44.42002],[8.96701,44.41994]]}},{"type":"Feature","properties":{"color":"#b7d013","style":"fine"},"geometry":{"type":"LineString","coordinates":[[8.95678,44.41524],[8.95714,44.41547]]}},{"type":"Feature","properties":{"color":"#e6da03","style":"fine"},"geometry":{"type":"LineString","coordinates":[[8.95678,44.41524],[8.95669,44.41506],[8.95658,44.41482]]}},{"type":"Feature","properties":{"color":"#d1d50a","style":"fine"},"geometry":{"type":"LineString","coordinates":[[8.95791,44.43138],[8.95768,44.43115],[8.95747,44.43095],[8.95732,44.43081],[8.95704,44.43055],[8.9568,44.43036],[8.95613,44.42987],[8.95583,44.42966],[8.95513,44.42928],[8.95456,44.42901],[8.95422,44.42888],[8.95395,44.42879]]}},{"type":"Feature","properties":{"color":"#ddd806","style":"fine"},"geometry":{"type":"LineString","coordinates":[[8.96328,44.43586],[8.96311,44.43587]]}},{"type":"Feature","properties":{"color":"#bfd211","style":"fine"},"geometry":{"type":"LineString","coordinates":[[8.9632,44.43632],[8.96312,44.43593],[8.96311,44.43587]]}},{"type":"Feature","properties":{"color":"#eedb00","style":"fine"},"geometry":{"type":"LineString","coordinates":[[8.9632,44.43632],[8.96327,44.43692],[8.96338,44.4375],[8.96353,44.4382],[8.9636,44.43853],[8.96365,44.43871]]}},{"type":"Feature","properties":{"color":"#d0d50b","style":"fine"},"geometry":{"type":"LineString","coordinates":[[8.96289,44.43539],[8.96315,44.43563]]}},{"type":"Feature","properties":{"color":"#d7d708","style":"fine"},"geometry":{"type":"LineString","coordinates":[[8.96328,44.43586],[8.96322,44.43612],[8.9632,44.43632]]}},{"type":"Feature","properties":{"color":"#b8d013","style":"fine"},"geometry":{"type":"LineString","coordinates":[[8.96301,44.43572],[8.96289,44.43539]]}},{"type":"Feature","properties":{"color":"#e8da02","style":"fine"},"geometry":{"type":"LineString","coordinates":[[8.96301,44.43572],[8.96315,44.43563]]}},{"type":"Feature","properties":{"color":"#f0d528","style":"fine"},"geometry":{"type":"LineString","coordinates":[[8.96311,44.43587],[8.96301,44.43572]]}},{"type":"Feature","properties":{"color":"#bdd111","style":"fine"},"geometry":{"type":"LineString","coordinates":[[8.96315,44.43563],[8.96336,44.43573],[8.96328,44.43586]]}},{"type":"Feature","properties":{"color":"#f0be28","style":"fine"},"geometry":{"type":"LineString","coordinates":[[8.96919,44.43603],[8.96945,44.43608],[8.97032,44.43606],[8.97058,44.43604],[8.97089,44.43604],[8.97118,44.43617],[8.97139,44.43636],[8.97168,44.43656],[8.97192,44.43672],[8.97232,44.43682],[8.97264,44.43681],[8.97325,44.43706],[8.97374,44.43728],[8.974,44.4375],[8.97424,44.43761],[8.97453,44.43763],[8.97482,44.43782],[8.975,44.43796],[8.97526,44.43805],[8.97579,44.43822],[8.97603,44.43835],[8.97611,44.43858],[8.97614,44.43882],[8.97615,44.43914],[8.97626,44.43934],[8.97645,44.43953],[8.9767,44.43982],[8.97679,44.43999],[8.97685,44.44032]]}},{"type":"Feature","properties":{"color":"#f0d828","style":"fine"},"geometry":{"type":"LineString","coordinates":[[8.97278,44.42071],[8.97312,44.42085],[8.97338,44.42096],[8.97363,44.42111],[8.97389,44.42131],[8.97414,44.42147],[8.97449,44.42155],[8.97504,44.42158],[8.97506,44.42158]]}},{"type":"Feature","properties":{"color":"#f0b128","style":"fine"},"geometry":{"type":"LineString","coordinates":[[8.97222,44.42051],[8.97253,44.42062],[8.97278,44.42071]]}},{"type":"Feature","properties":{"color":"#f0c728","style":"fine"},"geometry":{"type":"LineString","coordinates":[[8.96221,44.41815],[8.96237,44.41829],[8.96248,44.41821]]}},{"type":"Feature","properties":{"color":"#f0b028","style":"fine"},"geometry":{"type":"LineString","coordinates":[[8.96789,44.4202],[8.96818,44.4202]]}},{"type":"Feature","properties":{"color":"#f0d628","style":"fine"},"geometry":{"type":"LineString","coordinates":[[8.9586,44.41629],[8.95934,44.41646],[8.95969,44.41653],[8.96039,44.41666],[8.9608,44.41672]]}},{"type":"Feature","properties":{"color":"#f0ac28","style":"fine"},"geometry":{"type":"LineString","coordinates":[[8.95728,44.41762],[8.95739,44.41768]]}},{"type":"Feature","properties":{"color":"#d2d60a","style":"fine"},"geometry":{"type":"LineString","coordinates":[[8.95642,44.43511],[8.9562,44.43519]]}},{"type":"Feature","properties":{"color":"#f0ca28","style":"fine"},"geometry":{"type":"LineString","coordinates":[[8.97187,44.41277],[8.97197,44.41296],[8.97194,44.41301]]}},{"type":"Feature","properties":{"color":"#e6da03","style":"fine"},"geometry":{"type":"LineString","coordinates":[[8.96061,44.42307],[8.96079,44.42311]]}},{"type":"Feature","properties":{"color":"#b5d014","style":"fine"},"geometry":{"type":"LineString","coordinates":[[8.95844,44.41626],[8.9586,44.41629]]}},{"type":"Feature","properties":{"color":"#b4d014","style":"fine"},"geometry":{"type":"LineString","coordinates":[[8.9563,44.41509],[8.95602,44.41495]]}},{"type":"Feature","properties":{"color":"#9ecb1c","style":"fine"},"geometry":{"type":"LineString","coordinates":[[8.95613,44.41333],[8.95632,44.41373]]}},{"type":"Feature","properties":{"color":"#f0d628","style":"fine"},"geometry":{"type":"LineString","coordinates":[[8.9625,44.43889],[8.96231,44.43832],[8.96223,44.43806],[8.96209,44.43762]]}},{"type":"Feature","properties":{"color":"#f0aa28","style":"fine"},"geometry":{"type":"LineString","coordinates":[[8.96642,44.43609],[8.96673,44.43597],[8.9671,44.43588],[8.96741,44.4359],[8.96773,44.436],[8.96804,44.43604],[8.96877,44.43599],[8.96914,44.43603],[8.96919,44.43603]]}},{"type":"Feature","properties":{"color":"#b6d014","style":"fine"},"geometry":{"type":"LineString","coordinates":[[8.95608,44.435],[8.9564,44.43489]]}},{"type":"Feature","properties":{"color":"#d4d609","style":"fine"},"geometry":{"type":"LineString","coordinates":[[8.95658,44.41482],[8.95608,44.41375],[8.95594,44.41345],[8.95589,44.41336]]}},{"type":"Feature","properties":{"color":"#d1d50a","style":"fine"},"geometry":{"type":"LineString","coordinates":[[8.95492,44.41746],[8.95541,44.41774],[8.95643,44.41831],[8.95657,44.41839]]}},{"type":"Feature","properties":{"color":"#f0be28","style":"fine"},"geometry":{"type":"LineString","coordinates":[[8.9792,44.42536],[8.97897,44.42558]]}},{"type":"Feature","properties":{"color":"#f0a228","style":"fine"},"geometry":{"type":"LineString","coordinates":[[8.96789,44.4202],[8.96769,44.42017]]}},{"type":"Feature","properties":{"color":"#cdd50b","style":"fine"},"geometry":{"type":"LineString","coordinates":[[8.95997,44.43336],[8.95969,44.43307],[8.95922,44.43261],[8.95899,44.43239],[8.95857,44.432],[8.95791,44.43138]]}},{"type":"Feature","properties":{"color":"#9bcb1d","style":"fine"},"geometry":{"type":"LineString","coordinates":[[8.95612,44.41331],[8.95613,44.41333]]}},{"type":"Feature","properties":{"color":"#f0d428","style":"fine"},"geometry":{"type":"LineString","coordinates":[[8.96252,44.43468],[8.96271,44.43504],[8.96283,44.43529],[8.96289,44.43539]]}},{"type":"Feature","properties":{"color":"#f0a628","style":"fine"},"geometry":{"type":"LineString","coordinates":[[8.96715,44.41983],[8.96701,44.41994]]}},{"type":"Feature","properties":{"color":"#ced50b","style":"fine"},"geometry":{"type":"LineString","coordinates":[[8.95594,44.41544],[8.95619,44.4152],[8.9563,44.41509]]}},{"type":"Feature","properties":{"color":"#ed7328","style":"fine"},"geometry":{"type":"LineString","coordinates":[[8.90393,44.44446],[8.90401,44.44465],[8.9044,44.44494],[8.90472,44.44506],[8.90534,44.4452],[8.90598,44.44532],[8.90681,44.44545],[8.90729,44.44555]]}},{"type":"Feature","properties":{"color":"#93c920","style":"fine"},"geometry":{"type":"LineString","coordinates":[[8.89169,44.44067],[8.89151,44.44053],[8.89121,44.4404]]}},{"type":"Feature","properties":{"color":"#58bd34","style":"fine"},"geometry":{"type":"LineString","coordinates":[[8.89032,44.44036],[8.89023,44.44399],[8.89027,44.44464],[8.89037,44.44508],[8.89048,44.44554],[8.89056,44.44587],[8.89073,44.44652],[8.89101,44.44734],[8.89111,44.44763],[8.89122,44.44791],[8.89158,44.44889],[8.89167,44.44912]]}},{"type":"Feature","properties":{"color":"#90c821","style":"fine"},"geometry":{"type":"LineString","coordinates":[[8.89172,44.44072],[8.89215,44.44187],[8.8926,44.44311],[8.89267,44.44329],[8.89275,44.44353],[8.89295,44.44411],[8.89298,44.44419]]}},{"type":"Feature","properties":{"color":"#f07c28","style":"fine"},"geometry":{"type":"LineString","coordinates":[[8.8969,44.44865],[8.89938,44.44563],[8.8996,44.44548],[8.89994,44.44531],[8.90021,44.44518],[8.90049,44.44506],[8.90098,44.44489],[8.90138,44.44481],[8.90175,44.44476],[8.90213,44.44472]]}},{"type":"Feature","properties":{"color":"#f08f28","style":"fine"},"geometry":{"type":"LineString","coordinates":[[8.90297,44.44477],[8.90401,44.445]]}},{"type":"Feature","properties":{"color":"#f08228","style":"fine"},"geometry":{"type":"LineString","coordinates":[[8.90213,44.44472],[8.90253,44.44473],[8.90297,44.44477]]}},{"type":"Feature","properties":{"color":"#82c626","style":"fine"},"geometry":{"type":"LineString","coordinates":[[8.87347,44.43683],[8.87381,44.43714],[8.87426,44.43739],[8.87448,44.43749],[8.87473,44.4376],[8.87503,44.43772],[8.87586,44.43811],[8.87615,44.43845],[8.87632,44.43861],[8.87654,44.43873],[8.87678,44.4388],[8.87715,44.43891],[8.87739,44.43898],[8.87794,44.43913],[8.87917,44.43945],[8.87944,44.4394],[8.87947,44.43921],[8.87959,44.43905],[8.87982,44.43912],[8.87965,44.43959],[8.8798,44.43977],[8.88011,44.43944],[8.8802,44.43927],[8.88037,44.43913],[8.88068,44.43917],[8.88076,44.4394],[8.88017,44.43983],[8.87998,44.43995],[8.87997,44.44017],[8.88021,44.44028],[8.88054,44.44013],[8.88076,44.43998],[8.881,44.43981],[8.88132,44.43952],[8.88159,44.43927],[8.88166,44.4392]]}},{"type":"Feature","properties":{"color":"#99ca1e","style":"fine"},"geometry":{"type":"LineString","coordinates":[[8.89683,44.44524],[8.89678,44.44484],[8.89673,44.44453],[8.89658,44.44422],[8.89646,44.44411]]}},{"type":"Feature","properties":{"color":"#7cc428","style":"fine"},"geometry":{"type":"LineString","coordinates":[[8.90393,44.44446],[8.90387,44.44621],[8.90386,44.44658]]}},{"type":"Feature","properties":{"color":"#6bc12e","style":"fine"},"geometry":{"type":"LineString","coordinates":[[8.89388,44.44229],[8.89387,44.44208]]}},{"type":"Feature","properties":{"color":"#7dc528","style":"fine"},"geometry":{"type":"LineString","coordinates":[[8.89387,44.44208],[8.89382,44.44182],[8.89365,44.44156],[8.89297,44.44099],[8.89276,44.44083],[8.89257,44.44059],[8.89248,44.44031],[8.89251,44.44003],[8.89261,44.43982],[8.89281,44.4396],[8.89316,44.43924]]}},{"type":"Feature","properties":{"color":"#87c724","style":"fine"},"geometry":{"type":"LineString","coordinates":[[8.90355,44.44082],[8.90368,44.44111],[8.90378,44.4414],[8.90387,44.44173],[8.90394,44.44224],[8.90394,44.44265],[8.90392,44.44345],[8.90392,44.4438]]}},{"type":"Feature","properties":{"color":"#99ca1e","style":"fine"},"geometry":{"type":"LineString","coordinates":[[8.90392,44.4438],[8.90393,44.44446]]}},{"type":"Feature","properties":{"color":"#61bf31","style":"fine"},"geometry":{"type":"LineString","coordinates":[[8.88825,44.44003],[8.88817,44.43977]]}},{"type":"Feature","properties":{"color":"#a7cd19","style":"fine"},"geometry":{"type":"LineString","coordinates":[[8.90413,44.44261],[8.90448,44.44287],[8.90482,44.44306],[8.90494,44.44323],[8.90484,44.44347],[8.9046,44.44356],[8.90405,44.4434],[8.9028,44.44297],[8.90259,44.44288],[8.90238,44.44277],[8.90193,44.44247],[8.90169,44.44241],[8.90136,44.44247],[8.90101,44.44256],[8.90071,44.44263],[8.90051,44.44277],[8.90057,44.44301]]}},{"type":"Feature","properties":{"color":"#aace18","style":"fine"},"geometry":{"type":"LineString","coordinates":[[8.90404,44.44254],[8.90413,44.44261]]}},{"type":"Feature","properties":{"color":"#cbd40c","style":"fine"},"geometry":{"type":"LineString","coordinates":[[8.90233,44.44114],[8.9027,44.44124],[8.90298,44.44132],[8.90306,44.44136]]}},{"type":"Feature","properties":{"color":"#e3d904","style":"fine"},"geometry":{"type":"LineString","coordinates":[[8.90212,44.44108],[8.90233,44.44114]]}},{"type":"Feature","properties":{"color":"#a7cd19","style":"fine"},"geometry":{"type":"LineString","coordinates":[[8.90313,44.44145],[8.90329,44.44167],[8.90354,44.44208],[8.90375,44.4423]]}},{"type":"Feature","properties":{"color":"#64c030","style":"fine"},"geometry":{"type":"LineString","coordinates":[[8.88938,44.44638],[8.88917,44.44524],[8.88905,44.44456],[8.88897,44.44436],[8.88883,44.44418],[8.88865,44.44403],[8.88845,44.44383],[8.88847,44.44335],[8.88849,44.44313],[8.88815,44.44268],[8.88775,44.44235],[8.8877,44.44228]]}},{"type":"Feature","properties":{"color":"#8ec822","style":"fine"},"geometry":{"type":"LineString","coordinates":[[8.88974,44.44644],[8.88948,44.44551],[8.88934,44.445],[8.88929,44.44455],[8.88934,44.44076],[8.88938,44.44042],[8.88941,44.44016],[8.88943,44.43977],[8.88938,44.43925]]}},{"type":"Feature","properties":{"color":"#aace18","style":"fine"},"geometry":{"type":"LineString","coordinates":[[8.90163,44.44457],[8.9019,44.44509],[8.90211,44.44577],[8.90215,44.44588]]}},{"type":"Feature","properties":{"color":"#b0cf16","style":"fine"},"geometry":{"type":"LineString","coordinates":[[8.90057,44.44301],[8.90076,44.44314],[8.90088,44.44323]]}},{"type":"Feature","properties":{"color":"#95c91f","style":"fine"},"geometry":{"type":"LineString","coordinates":[[8.89158,44.44035],[8.89163,44.44054],[8.89169,44.44067]]}},{"type":"Feature","properties":{"color":"#d7d708","style":"fine"},"geometry":{"type":"LineString","coordinates":[[8.90088,44.44323],[8.90102,44.44334]]}},{"type":"Feature","properties":{"color":"#b7d013","style":"fine"},"geometry":{"type":"LineString","coordinates":[[8.90152,44.44451],[8.90163,44.44457]]}},{"type":"Feature","properties":{"color":"#c9d40d","style":"fine"},"geometry":{"type":"LineString","coordinates":[[8.90138,44.44441],[8.90152,44.44451]]}},{"type":"Feature","properties":{"color":"#bcd112","style":"fine"},"geometry":{"type":"LineString","coordinates":[[8.90102,44.44334],[8.90117,44.44349],[8.90117,44.44372],[8.90116,44.44406],[8.90125,44.44429],[8.90138,44.44441]]}},{"type":"Feature","properties":{"color":"#89c723","style":"fine"},"geometry":{"type":"LineString","coordinates":[[8.89646,44.44411],[8.89613,44.44395],[8.89539,44.44379],[8.89505,44.44367],[8.89411,44.44279],[8.89393,44.44251],[8.89388,44.44229]]}},{"type":"Feature","properties":{"color":"#dfd805","style":"fine"},"geometry":{"type":"LineString","coordinates":[[8.90375,44.4423],[8.90404,44.44254]]}},{"type":"Feature","properties":{"color":"#a8cd19","style":"fine"},"geometry":{"type":"LineString","coordinates":[[8.90306,44.44136],[8.90313,44.44145]]}},{"type":"Feature","properties":{"color":"#aece16","style":"fine"},"geometry":{"type":"LineString","coordinates":[[8.89169,44.44067],[8.89172,44.44072]]}},{"type":"Feature","properties":{"color":"#9fcb1c","style":"fine"},"geometry":{"type":"LineString","coordinates":[[8.88759,44.44196],[8.88761,44.44158],[8.88771,44.44127],[8.88803,44.4408],[8.88824,44.44056],[8.8883,44.44021],[8.88825,44.44003]]}},{"type":"Feature","properties":{"color":"#8dc822","style":"fine"},"geometry":{"type":"LineString","coordinates":[[8.89046,44.43901],[8.89032,44.44036]]}},{"type":"Feature","properties":{"color":"#9bcb1d","style":"fine"},"geometry":{"type":"LineString","coordinates":[[8.8877,44.44228],[8.88759,44.44196]]}},{"type":"Feature","properties":{"color":"#abce18","style":"fine"},"geometry":{"type":"LineString","coordinates":[[8.89201,44.43915],[8.89194,44.43945],[8.89182,44.43968],[8.89159,44.44028],[8.89158,44.44035]]}},{"type":"Feature","properties":{"color":"#a9cd18","style":"fine"},"geometry":{"type":"LineString","coordinates":[[8.89322,44.44495],[8.8932,44.44518]]}},{"type":"Feature","properties":{"color":"#a9cd18","style":"fine"},"geometry":{"type":"LineString","coordinates":[[8.89298,44.44419],[8.89322,44.44495]]}},{"type":"Feature","properties":{"color":"#88c724","style":"fine"},"geometry":{"type":"LineString","coordinates":[[8.92105,44.44574],[8.92561,44.44389],[8.93015,44.44192],[8.93915,44.43797]]}},{"type":"Feature","properties":{"color":"#8dc822","style":"fine"},"geometry":{"type":"LineString","coordinates":[[8.93899,44.43833],[8.93811,44.4388],[8.93717,44.43924],[8.9354,44.44006],[8.9321,44.44143],[8.93074,44.44204],[8.92936,44.44266],[8.92649,44.44393],[8.92273,44.44547],[8.92168,44.44587],[8.92099,44.44606]]}},{"type":"Feature","properties":{"color":"#f0bc28","style":"fine"},"geometry":{"type":"LineString","coordinates":[[8.96465,44.44143],[8.96477,44.44139]]}},{"type":"Feature","properties":{"color":"#e3d904","style":"fine"},"geometry":{"type":"LineString","coordinates":[[8.96365,44.44175],[8.96408,44.44241],[8.96439,44.44276],[8.96486,44.44324],[8.9651,44.44348],[8.96586,44.4442],[8.96664,44.44488],[8.96756,44.44557],[8.96782,44.44577],[8.96838,44.4462],[8.96845,44.44625]]}},{"type":"Feature","properties":{"color":"#d5d609","style":"fine"},"geometry":{"type":"LineString","coordinates":[[8.9677,44.44706],[8.96728,44.44678],[8.96705,44.44656],[8.96668,44.44618],[8.96642,44.4459],[8.96614,44.44559],[8.96596,44.44539],[8.96571,44.44512],[8.96552,44.44491],[8.96537,44.44475],[8.96518,44.44454],[8.96493,44.44427],[8.96449,44.44391],[8.96418,44.44367],[8.96389,44.44344],[8.96377,44.44328],[8.9637,44.443],[8.96364,44.44259],[8.96359,44.44212],[8.96354,44.44182]]}},{"type":"Feature","properties":{"color":"#f0cb28","style":"fine"},"geometry":{"type":"LineString","coordinates":[[8.96365,44.44175],[8.96374,44.44172]]}},{"type":"Feature","properties":{"color":"#f0aa28","style":"fine"},"geometry":{"type":"LineString","coordinates":[[8.96374,44.44172],[8.96465,44.44143]]}},{"type":"Feature","properties":{"color":"#f0c928","style":"fine"},"geometry":{"type":"LineString","coordinates":[[8.96436,44.43968],[8.96487,44.43953],[8.96527,44.4394],[8.96549,44.43926],[8.96549,44.43921]]}},{"type":"Feature","properties":{"color":"#d7d708","style":"fine"},"geometry":{"type":"LineString","coordinates":[[8.96371,44.43893],[8.96379,44.43922],[8.96391,44.43955]]}},{"type":"Feature","properties":{"color":"#b9d112","style":"fine"},"geometry":{"type":"LineString","coordinates":[[8.96391,44.43955],[8.96399,44.43979]]}},{"type":"Feature","properties":{"color":"#eedb00","style":"fine"},"geometry":{"type":"LineString","coordinates":[[8.96399,44.43979],[8.96418,44.44029],[8.96442,44.44077],[8.96477,44.44139]]}},{"type":"Feature","properties":{"color":"#f09b28","style":"fine"},"geometry":{"type":"LineString","coordinates":[[8.97685,44.44032],[8.97699,44.44048],[8.97723,44.44054],[8.97751,44.4405],[8.97784,44.44045],[8.97814,44.44042],[8.9787,44.44048],[8.97921,44.44054],[8.97949,44.44067],[8.97976,44.44087],[8.98,44.44101],[8.98055,44.44121],[8.98085,44.44129],[8.98113,44.44134],[8.98145,44.44135],[8.98174,44.44122],[8.98183,44.44099],[8.98161,44.44059],[8.98151,44.44041],[8.98139,44.44022],[8.98088,44.43991],[8.98069,44.43975],[8.98066,44.43956],[8.98075,44.43939],[8.98098,44.43921],[8.98124,44.43902],[8.98149,44.43884],[8.98175,44.43885],[8.9818,44.43909],[8.98164,44.43941],[8.98173,44.43962],[8.98194,44.43979],[8.9822,44.43994],[8.98256,44.44012],[8.98292,44.44021],[8.98315,44.44035],[8.98321,44.44054],[8.98329,44.44071],[8.98359,44.44086],[8.98411,44.44104],[8.98471,44.44092],[8.98505,44.44083],[8.98534,44.44084],[8.98555,44.44096],[8.98565,44.44118],[8.98555,44.44136],[8.98517,44.4416],[8.98505,44.44176],[8.98511,44.44195],[8.98551,44.44231],[8.98573,44.44241],[8.98604,44.44248],[8.98642,44.44258],[8.98677,44.44282],[8.98715,44.443],[8.98741,44.44323],[8.98744,44.44327]]}},{"type":"Feature","properties":{"color":"#f0bd28","style":"fine"},"geometry":{"type":"LineString","coordinates":[[8.96632,44.43894],[8.96647,44.43908]]}},{"type":"Feature","properties":{"color":"#f0d728","style":"fine"},"geometry":{"type":"LineString","coordinates":[[8.96962,44.44611],[8.96761,44.44463],[8.96698,44.44414],[8.96662,44.44384],[8.96585,44.44294],[8.96525,44.44214],[8.9652,44.44197]]}},{"type":"Feature","properties":{"color":"#c9d40d","style":"fine"},"geometry":{"type":"LineString","coordinates":[[8.96354,44.44182],[8.96365,44.44175]]}},{"type":"Feature","properties":{"color":"#ebdb01","style":"fine"},"geometry":{"type":"LineString","coordinates":[[8.96349,44.44146],[8.96365,44.44175]]}},{"type":"Feature","properties":{"color":"#eddb00","style":"fine"},"geometry":{"type":"LineString","coordinates":[[8.96399,44.43979],[8.96436,44.43968]]}},{"type":"Feature","properties":{"color":"#bfd211","style":"fine"},"geometry":{"type":"LineString","coordinates":[[8.96601,44.44299],[8.96673,44.44379],[8.96706,44.44408],[8.96739,44.44433],[8.96772,44.44455],[8.96891,44.44546],[8.96921,44.44569],[8.96962,44.446],[8.97036,44.44658]]}},{"type":"Feature","properties":{"color":"#cfd50b","style":"fine"},"geometry":{"type":"LineString","coordinates":[[8.96528,44.44195],[8.96537,44.44218],[8.96554,44.44242],[8.96573,44.44265],[8.96594,44.4429],[8.96601,44.44299]]}},{"type":"Feature","properties":{"color":"#f0db28","style":"fine"},"geometry":{"type":"LineString","coordinates":[[8.96354,44.44182],[8.96351,44.44164],[8.96349,44.44146]]}},{"type":"Feature","properties":{"color":"#f0da28","style":"fine"},"geometry":{"type":"LineString","coordinates":[[8.96528,44.44195],[8.9652,44.44197]]}},{"type":"Feature","properties":{"color":"#d5d609","style":"fine"},"geometry":{"type":"LineString","coordinates":[[8.9651,44.44186],[8.96519,44.44181]]}},{"type":"Feature","properties":{"color":"#f0cc28","style":"fine"},"geometry":{"type":"LineString","coordinates":[[8.9652,44.44197],[8.9651,44.44186]]}},{"type":"Feature","properties":{"color":"#e6da03","style":"fine"},"geometry":{"type":"LineString","coordinates":[[8.96519,44.44181],[8.96526,44.44182]]}},{"type":"Feature","properties":{"color":"#c8d40d","style":"fine"},"geometry":{"type":"LineString","coordinates":[[8.96477,44.44139],[8.96507,44.44173]]}},{"type":"Feature","properties":{"color":"#f0d728","style":"fine"},"geometry":{"type":"LineString","coordinates":[[8.9651,44.44186],[8.96494,44.44171],[8.96481,44.44149],[8.96477,44.44139]]}},{"type":"Feature","properties":{"color":"#f0da28","style":"fine"},"geometry":{"type":"LineString","coordinates":[[8.96526,44.44182],[8.96531,44.44192]]}},{"type":"Feature","properties":{"color":"#d4d609","style":"fine"},"geometry":{"type":"LineString","coordinates":[[8.96531,44.44192],[8.96528,44.44195]]}},{"type":"Feature","properties":{"color":"#d2d60a","style":"fine"},"geometry":{"type":"LineString","coordinates":[[8.9633,44.44107],[8.96349,44.44146]]}},{"type":"Feature","properties":{"color":"#f0da28","style":"fine"},"geometry":{"type":"LineString","coordinates":[[8.96507,44.44173],[8.96519,44.44181]]}},{"type":"Feature","properties":{"color":"#34b641","style":"fine"},"geometry":{"type":"LineString","coordinates":[[8.89763,44.40732],[8.89792,44.40725],[8.89845,44.40711]]}},{"type":"Feature","properties":{"color":"#85c625","style":"fine"},"geometry":{"type":"LineString","coordinates":[[8.90206,44.41124],[8.90182,44.4113],[8.90156,44.4113],[8.90136,44.41119],[8.9013,44.41098],[8.90143,44.4108],[8.90177,44.41075]]}},{"type":"Feature","properties":{"color":"#75c32a","style":"fine"},"geometry":{"type":"LineString","coordinates":[[8.90317,44.4093],[8.9029,44.40928],[8.90262,44.40921],[8.90241,44.40907],[8.90231,44.40891],[8.90233,44.40867]]}},{"type":"Feature","properties":{"color":"#f0bc28","style":"fine"},"geometry":{"type":"LineString","coordinates":[[8.90029,44.41154],[8.90019,44.41132],[8.90002,44.4109],[8.89995,44.41073],[8.89993,44.41066]]}},{"type":"Feature","properties":{"color":"#9fcb1c","style":"fine"},"geometry":{"type":"LineString","coordinates":[[8.89849,44.40848],[8.8982,44.40844],[8.8981,44.40846]]}},{"type":"Feature","properties":{"color":"#59bd34","style":"fine"},"geometry":{"type":"LineString","coordinates":[[8.89598,44.40845],[8.89649,44.40853]]}},{"type":"Feature","properties":{"color":"#65c030","style":"fine"},"geometry":{"type":"LineString","coordinates":[[8.88768,44.41177],[8.88774,44.41176]]}},{"type":"Feature","properties":{"color":"#4fbb38","style":"fine"},"geometry":{"type":"LineString","coordinates":[[8.88636,44.41077],[8.88671,44.41182],[8.88674,44.4119]]}},{"type":"Feature","properties":{"color":"#9bcb1d","style":"fine"},"geometry":{"type":"LineString","coordinates":[[8.90842,44.41137],[8.90824,44.41124],[8.90799,44.41112]]}},{"type":"Feature","properties":{"color":"#28b445","style":"fine"},"geometry":{"type":"LineString","coordinates":[[8.90031,44.4117],[8.90035,44.41151],[8.90036,44.41132],[8.90031,44.41111],[8.90024,44.41092],[8.90024,44.41072]]}},{"type":"Feature","properties":{"color":"#69c12e","style":"fine"},"geometry":{"type":"LineString","coordinates":[[8.90035,44.4107],[8.90035,44.4109],[8.90044,44.41113],[8.90047,44.41136],[8.90045,44.41156],[8.90041,44.4117]]}},{"type":"Feature","properties":{"color":"#28b446","style":"fine"},"geometry":{"type":"LineString","coordinates":[[8.88611,44.4108],[8.88636,44.41077]]}},{"type":"Feature","properties":{"color":"#80c527","style":"fine"},"geometry":{"type":"LineString","coordinates":[[8.89674,44.40888],[8.89609,44.40909],[8.89546,44.4093],[8.89447,44.40962],[8.89386,44.40981],[8.89329,44.41],[8.89306,44.41007],[8.8925,44.41025],[8.89174,44.41052],[8.89147,44.41062]]}},{"type":"Feature","properties":{"color":"#5abe34","style":"fine"},"geometry":{"type":"LineString","coordinates":[[8.90462,44.41092],[8.90492,44.41103],[8.90519,44.41113],[8.90597,44.41145],[8.90636,44.4116],[8.90677,44.41175],[8.90695,44.41179]]}},{"type":"Feature","properties":{"color":"#6cc12d","style":"fine"},"geometry":{"type":"LineString","coordinates":[[8.90206,44.40806],[8.90234,44.40821],[8.90269,44.40832],[8.90304,44.40838]]}},{"type":"Feature","properties":{"color":"#f0c328","style":"fine"},"geometry":{"type":"LineString","coordinates":[[8.90306,44.40977],[8.90346,44.409]]}},{"type":"Feature","properties":{"color":"#5fbf32","style":"fine"},"geometry":{"type":"LineString","coordinates":[[8.90008,44.40877],[8.90025,44.40878]]}},{"type":"Feature","properties":{"color":"#4dbb38","style":"fine"},"geometry":{"type":"LineString","coordinates":[[8.90198,44.40927],[8.90219,44.40933]]}},{"type":"Feature","properties":{"color":"#88c724","style":"fine"},"geometry":{"type":"LineString","coordinates":[[8.90032,44.40887],[8.90084,44.40898]]}},{"type":"Feature","properties":{"color":"#8cc822","style":"fine"},"geometry":{"type":"LineString","coordinates":[[8.9053,44.41035],[8.9046,44.41017],[8.90361,44.40992],[8.90342,44.40984]]}},{"type":"Feature","properties":{"color":"#f0bf28","style":"fine"},"geometry":{"type":"LineString","coordinates":[[8.89847,44.40733],[8.8982,44.40741],[8.89796,44.40762]]}},{"type":"Feature","properties":{"color":"#7cc428","style":"fine"},"geometry":{"type":"LineString","coordinates":[[8.89845,44.40711],[8.89896,44.4069],[8.89928,44.40686],[8.9009,44.40664],[8.9013,44.4066],[8.90191,44.40657],[8.90215,44.40656],[8.90243,44.40657]]}},{"type":"Feature","properties":{"color":"#64c030","style":"fine"},"geometry":{"type":"LineString","coordinates":[[8.90243,44.40657],[8.90192,44.40671],[8.90134,44.40687],[8.90116,44.40692]]}},{"type":"Feature","properties":{"color":"#5bbe34","style":"fine"},"geometry":{"type":"LineString","coordinates":[[8.9032,44.40673],[8.9052,44.40736]]}},{"type":"Feature","properties":{"color":"#68c02f","style":"fine"},"geometry":{"type":"LineString","coordinates":[[8.90626,44.40792],[8.90634,44.40816],[8.90656,44.40879],[8.90668,44.40905],[8.90686,44.4092]]}},{"type":"Feature","properties":{"color":"#f09728","style":"fine"},"geometry":{"type":"LineString","coordinates":[[8.90029,44.41154],[8.90026,44.41134],[8.90014,44.41101],[8.90008,44.41083],[8.90018,44.41069]]}},{"type":"Feature","properties":{"color":"#97ca1e","style":"fine"},"geometry":{"type":"LineString","coordinates":[[8.90848,44.41143],[8.90842,44.41137]]}},{"type":"Feature","properties":{"color":"#79c429","style":"fine"},"geometry":{"type":"LineString","coordinates":[[8.90818,44.41086],[8.90806,44.41065],[8.90758,44.41001],[8.90755,44.40995]]}},{"type":"Feature","properties":{"color":"#f0a828","style":"fine"},"geometry":{"type":"LineString","coordinates":[[8.90539,44.41032],[8.90498,44.41019],[8.90434,44.41003],[8.90396,44.40995],[8.9037,44.40995],[8.90335,44.41],[8.9032,44.41001]]}},{"type":"Feature","properties":{"color":"#6ac12e","style":"fine"},"geometry":{"type":"LineString","coordinates":[[8.90695,44.41179],[8.90728,44.41178],[8.90758,44.41171],[8.90779,44.41158]]}},{"type":"Feature","properties":{"color":"#f0a928","style":"fine"},"geometry":{"type":"LineString","coordinates":[[8.9001,44.41049],[8.90035,44.41032],[8.90112,44.40992]]}},{"type":"Feature","properties":{"color":"#68c02f","style":"fine"},"geometry":{"type":"LineString","coordinates":[[8.89972,44.41055],[8.89872,44.41051],[8.89844,44.41052],[8.89814,44.41059],[8.89751,44.41078]]}},{"type":"Feature","properties":{"color":"#4aba39","style":"fine"},"geometry":{"type":"LineString","coordinates":[[8.90053,44.41058],[8.90013,44.41057],[8.90001,44.41056]]}},{"type":"Feature","properties":{"color":"#7ac429","style":"fine"},"geometry":{"type":"LineString","coordinates":[[8.9001,44.41049],[8.9006,44.41051]]}},{"type":"Feature","properties":{"color":"#5dbe33","style":"fine"},"geometry":{"type":"LineString","coordinates":[[8.9006,44.41051],[8.90238,44.41058],[8.90274,44.4106]]}},{"type":"Feature","properties":{"color":"#f0b428","style":"fine"},"geometry":{"type":"LineString","coordinates":[[8.88223,44.41114],[8.8819,44.41122],[8.88136,44.41136],[8.8811,44.41145],[8.88098,44.41151]]}},{"type":"Feature","properties":{"color":"#51bc37","style":"fine"},"geometry":{"type":"LineString","coordinates":[[8.88098,44.41138],[8.88095,44.41156],[8.88075,44.41168],[8.88044,44.41165],[8.88029,44.41147],[8.88038,44.41128],[8.88065,44.4112],[8.88088,44.41127],[8.88098,44.41138]]}},{"type":"Feature","properties":{"color":"#57bd35","style":"fine"},"geometry":{"type":"LineString","coordinates":[[8.90539,44.41032],[8.90494,44.41023],[8.90406,44.41004],[8.90376,44.41001],[8.90295,44.41017],[8.90267,44.41023]]}},{"type":"Feature","properties":{"color":"#f09d28","style":"fine"},"geometry":{"type":"LineString","coordinates":[[8.90065,44.41027],[8.90091,44.41016],[8.90121,44.41009],[8.90149,44.4101],[8.90203,44.41015]]}},{"type":"Feature","properties":{"color":"#78c429","style":"fine"},"geometry":{"type":"LineString","coordinates":[[8.90183,44.40941],[8.90143,44.40929],[8.90114,44.40921],[8.90077,44.4091]]}},{"type":"Feature","properties":{"color":"#31b542","style":"fine"},"geometry":{"type":"LineString","coordinates":[[8.89972,44.4069],[8.90047,44.4068],[8.90078,44.4068],[8.90104,44.40695],[8.90126,44.4072],[8.9014,44.40737],[8.90184,44.40787],[8.90206,44.40806]]}},{"type":"Feature","properties":{"color":"#adce17","style":"fine"},"geometry":{"type":"LineString","coordinates":[[8.90343,44.40969],[8.90407,44.40986],[8.9051,44.41011],[8.90753,44.41078],[8.90782,44.41086],[8.90808,44.41094],[8.90833,44.41098]]}},{"type":"Feature","properties":{"color":"#41b93d","style":"fine"},"geometry":{"type":"LineString","coordinates":[[8.88516,44.41194],[8.8857,44.41113],[8.88595,44.41089],[8.88611,44.4108]]}},{"type":"Feature","properties":{"color":"#76c32a","style":"fine"},"geometry":{"type":"LineString","coordinates":[[8.90227,44.41084],[8.90234,44.41066],[8.90229,44.41065]]}},{"type":"Feature","properties":{"color":"#63bf31","style":"fine"},"geometry":{"type":"LineString","coordinates":[[8.90364,44.40934],[8.90317,44.4093]]}},{"type":"Feature","properties":{"color":"#33b642","style":"fine"},"geometry":{"type":"LineString","coordinates":[[8.90159,44.40976],[8.90196,44.40957],[8.9022,44.40949],[8.90261,44.40952]]}},{"type":"Feature","properties":{"color":"#f09c28","style":"fine"},"geometry":{"type":"LineString","coordinates":[[8.90206,44.41124],[8.90188,44.41137],[8.90158,44.41146],[8.90113,44.41145]]}},{"type":"Feature","properties":{"color":"#5ebe32","style":"fine"},"geometry":{"type":"LineString","coordinates":[[8.90205,44.41024],[8.902,44.41023]]}},{"type":"Feature","properties":{"color":"#58bd34","style":"fine"},"geometry":{"type":"LineString","coordinates":[[8.90358,44.40883],[8.90358,44.40887]]}},{"type":"Feature","properties":{"color":"#7fc527","style":"fine"},"geometry":{"type":"LineString","coordinates":[[8.88636,44.41077],[8.88697,44.41064],[8.88765,44.41047],[8.88826,44.41032],[8.88853,44.41025]]}},{"type":"Feature","properties":{"color":"#75c32a","style":"fine"},"geometry":{"type":"LineString","coordinates":[[8.89649,44.40853],[8.89687,44.40858],[8.89723,44.4086],[8.89769,44.40858]]}},{"type":"Feature","properties":{"color":"#8ec822","style":"fine"},"geometry":{"type":"LineString","coordinates":[[8.88853,44.41025],[8.88909,44.41011],[8.88932,44.41004],[8.89015,44.40982],[8.89041,44.40974],[8.89078,44.40963],[8.8913,44.4095],[8.89187,44.40942],[8.89215,44.40936],[8.89256,44.40925],[8.89325,44.40908],[8.89393,44.40892],[8.89422,44.40886],[8.89475,44.40874],[8.89545,44.40858],[8.89576,44.40851],[8.89598,44.40845]]}},{"type":"Feature","properties":{"color":"#2cb444","style":"fine"},"geometry":{"type":"LineString","coordinates":[[8.88636,44.41077],[8.8866,44.41066],[8.88665,44.41052]]}},{"type":"Feature","properties":{"color":"#f0a028","style":"fine"},"geometry":{"type":"LineString","coordinates":[[8.88805,44.41183],[8.88784,44.41175]]}},{"type":"Feature","properties":{"color":"#72c22b","style":"fine"},"geometry":{"type":"LineString","coordinates":[[8.90748,44.40982],[8.90766,44.40998],[8.90797,44.4104],[8.90819,44.41069],[8.90829,44.41087],[8.90841,44.411]]}},{"type":"Feature","properties":{"color":"#f0b128","style":"fine"},"geometry":{"type":"LineString","coordinates":[[8.90717,44.40946],[8.90663,44.40945],[8.90599,44.40946],[8.90538,44.40947],[8.90513,44.40946],[8.90474,44.40941]]}},{"type":"Feature","properties":{"color":"#8cc822","style":"fine"},"geometry":{"type":"LineString","coordinates":[[8.88914,44.41148],[8.88888,44.41162],[8.88881,44.41166]]}},{"type":"Feature","properties":{"color":"#70c22c","style":"fine"},"geometry":{"type":"LineString","coordinates":[[8.88881,44.41166],[8.88851,44.41179]]}},{"type":"Feature","properties":{"color":"#f09b28","style":"fine"},"geometry":{"type":"LineString","coordinates":[[8.90018,44.41069],[8.90048,44.41069]]}},{"type":"Feature","properties":{"color":"#f09228","style":"fine"},"geometry":{"type":"LineString","coordinates":[[8.90048,44.41069],[8.9013,44.41072],[8.90177,44.41075]]}},{"type":"Feature","properties":{"color":"#55bd36","style":"fine"},"geometry":{"type":"LineString","coordinates":[[8.8877,44.40996],[8.88707,44.41008],[8.88683,44.41013],[8.88638,44.41019],[8.88607,44.41023],[8.88596,44.41027]]}},{"type":"Feature","properties":{"color":"#62bf31","style":"fine"},"geometry":{"type":"LineString","coordinates":[[8.88665,44.41052],[8.88697,44.41058],[8.88716,44.41059]]}},{"type":"Feature","properties":{"color":"#77c32a","style":"fine"},"geometry":{"type":"LineString","coordinates":[[8.89004,44.41111],[8.88979,44.4112],[8.88926,44.41141],[8.88914,44.41148]]}},{"type":"Feature","properties":{"color":"#7cc428","style":"fine"},"geometry":{"type":"LineString","coordinates":[[8.90243,44.40657],[8.90272,44.40659],[8.9032,44.40673]]}},{"type":"Feature","properties":{"color":"#70c22c","style":"fine"},"geometry":{"type":"LineString","coordinates":[[8.89972,44.41048],[8.89972,44.41055]]}},{"type":"Feature","properties":{"color":"#f0bf28","style":"fine"},"geometry":{"type":"LineString","coordinates":[[8.89993,44.41066],[8.90001,44.41056]]}},{"type":"Feature","properties":{"color":"#f0ab28","style":"fine"},"geometry":{"type":"LineString","coordinates":[[8.90255,44.41012],[8.90284,44.41001],[8.90305,44.40984],[8.90306,44.40977]]}},{"type":"Feature","properties":{"color":"#68c02f","style":"fine"},"geometry":{"type":"LineString","coordinates":[[8.90364,44.40934],[8.90347,44.40959],[8.90343,44.40969]]}},{"type":"Feature","properties":{"color":"#f0c128","style":"fine"},"geometry":{"type":"LineString","coordinates":[[8.90474,44.40941],[8.90538,44.40929],[8.90644,44.40927],[8.90686,44.4092]]}},{"type":"Feature","properties":{"color":"#6dc12d","style":"fine"},"geometry":{"type":"LineString","coordinates":[[8.90474,44.40941],[8.90444,44.40939],[8.90372,44.40934],[8.90364,44.40934]]}},{"type":"Feature","properties":{"color":"#82c626","style":"fine"},"geometry":{"type":"LineString","coordinates":[[8.9079,44.41165],[8.90764,44.41179],[8.90738,44.41186],[8.90706,44.41188],[8.90674,44.41184],[8.90647,44.41174],[8.90595,44.41153],[8.90531,44.41126],[8.90493,44.41112],[8.90453,44.41099],[8.90423,44.41091]]}},{"type":"Feature","properties":{"color":"#f0bb28","style":"fine"},"geometry":{"type":"LineString","coordinates":[[8.90233,44.40867],[8.90233,44.40849],[8.90225,44.40831],[8.9021,44.40818]]}},{"type":"Feature","properties":{"color":"#f09028","style":"fine"},"geometry":{"type":"LineString","coordinates":[[8.90206,44.40806],[8.90228,44.40827]]}},{"type":"Feature","properties":{"color":"#56bd35","style":"fine"},"geometry":{"type":"LineString","coordinates":[[8.90275,44.40839],[8.90245,44.40833],[8.90228,44.40827]]}},{"type":"Feature","properties":{"color":"#8ac723","style":"fine"},"geometry":{"type":"LineString","coordinates":[[8.8981,44.40846],[8.89769,44.40858]]}},{"type":"Feature","properties":{"color":"#56bd35","style":"fine"},"geometry":{"type":"LineString","coordinates":[[8.88784,44.41175],[8.88799,44.41173]]}},{"type":"Feature","properties":{"color":"#94c91f","style":"fine"},"geometry":{"type":"LineString","coordinates":[[8.90842,44.41137],[8.90818,44.41086]]}},{"type":"Feature","properties":{"color":"#51bc37","style":"fine"},"geometry":{"type":"LineString","coordinates":[[8.90825,44.41137],[8.90792,44.41159],[8.90774,44.41174]]}},{"type":"Feature","properties":{"color":"#86c624","style":"fine"},"geometry":{"type":"LineString","coordinates":[[8.8971,44.40877],[8.89674,44.40888]]}},{"type":"Feature","properties":{"color":"#6ac12e","style":"fine"},"geometry":{"type":"LineString","coordinates":[[8.88674,44.4119],[8.88724,44.41183],[8.88763,44.41178],[8.88768,44.41177]]}},{"type":"Feature","properties":{"color":"#68c02f","style":"fine"},"geometry":{"type":"LineString","coordinates":[[8.90423,44.41091],[8.90386,44.41083],[8.90342,44.41076],[8.903,44.41071]]}},{"type":"Feature","properties":{"color":"#86c625","style":"fine"},"geometry":{"type":"LineString","coordinates":[[8.89248,44.41192],[8.89324,44.41169],[8.89368,44.41162],[8.89421,44.41159],[8.89445,44.41157],[8.89567,44.41123],[8.89625,44.41106],[8.89653,44.41098],[8.89663,44.41095]]}},{"type":"Feature","properties":{"color":"#80c527","style":"fine"},"geometry":{"type":"LineString","coordinates":[[8.89746,44.41071],[8.89805,44.41054],[8.89831,44.41048],[8.89855,44.41044],[8.8989,44.41045],[8.8993,44.41046],[8.8996,44.41047],[8.89972,44.41048]]}},{"type":"Feature","properties":{"color":"#84c625","style":"fine"},"geometry":{"type":"LineString","coordinates":[[8.89751,44.41078],[8.89667,44.41102]]}},{"type":"Feature","properties":{"color":"#6ac12e","style":"fine"},"geometry":{"type":"LineString","coordinates":[[8.89667,44.41102],[8.89533,44.41141],[8.89494,44.41153],[8.89471,44.4116],[8.89432,44.41166],[8.89422,44.41167]]}},{"type":"Feature","properties":{"color":"#64c030","style":"fine"},"geometry":{"type":"LineString","coordinates":[[8.90267,44.41023],[8.90241,44.41027],[8.90205,44.41024]]}},{"type":"Feature","properties":{"color":"#f09828","style":"fine"},"geometry":{"type":"LineString","coordinates":[[8.90203,44.41015],[8.90236,44.41016],[8.90255,44.41012]]}},{"type":"Feature","properties":{"color":"#3eb83d","style":"fine"},"geometry":{"type":"LineString","coordinates":[[8.90258,44.41019],[8.90227,44.41024],[8.90205,44.41024]]}},{"type":"Feature","properties":{"color":"#f0c428","style":"fine"},"geometry":{"type":"LineString","coordinates":[[8.9032,44.41001],[8.90289,44.40996],[8.90268,44.40981],[8.90241,44.40964],[8.90198,44.40946]]}},{"type":"Feature","properties":{"color":"#54bc36","style":"fine"},"geometry":{"type":"LineString","coordinates":[[8.902,44.41023],[8.90134,44.41018],[8.90105,44.4102],[8.90077,44.41031],[8.90054,44.41044]]}},{"type":"Feature","properties":{"color":"#f09828","style":"fine"},"geometry":{"type":"LineString","coordinates":[[8.90454,44.40996],[8.90514,44.41018]]}},{"type":"Feature","properties":{"color":"#59bd34","style":"fine"},"geometry":{"type":"LineString","coordinates":[[8.90116,44.40692],[8.90094,44.407]]}},{"type":"Feature","properties":{"color":"#4cbb39","style":"fine"},"geometry":{"type":"LineString","coordinates":[[8.90082,44.40703],[8.90025,44.40711],[8.89939,44.40723],[8.89928,44.40725]]}},{"type":"Feature","properties":{"color":"#f0ce28","style":"fine"},"geometry":{"type":"LineString","coordinates":[[8.88533,44.41038],[8.88477,44.41056],[8.88441,44.41063],[8.88378,44.41076],[8.88319,44.41093],[8.88289,44.411],[8.8826,44.41106],[8.88223,44.41114]]}},{"type":"Feature","properties":{"color":"#42b93c","style":"fine"},"geometry":{"type":"LineString","coordinates":[[8.8846,44.41041],[8.88546,44.41025],[8.88598,44.41016]]}},{"type":"Feature","properties":{"color":"#4aba39","style":"fine"},"geometry":{"type":"LineString","coordinates":[[8.88223,44.41093],[8.88324,44.41071],[8.88392,44.41056],[8.88445,44.41046],[8.8846,44.41041]]}},{"type":"Feature","properties":{"color":"#5ebe32","style":"fine"},"geometry":{"type":"LineString","coordinates":[[8.88533,44.41038],[8.88338,44.41078],[8.88228,44.41104]]}},{"type":"Feature","properties":{"color":"#f0d128","style":"fine"},"geometry":{"type":"LineString","coordinates":[[8.88072,44.4112],[8.881,44.41113],[8.88174,44.41093],[8.88253,44.41075],[8.883,44.41064],[8.88342,44.41056],[8.88385,44.41051],[8.88409,44.41047],[8.88443,44.41041],[8.8846,44.41041]]}},{"type":"Feature","properties":{"color":"#45b93b","style":"fine"},"geometry":{"type":"LineString","coordinates":[[8.89928,44.40725],[8.89847,44.40733]]}},{"type":"Feature","properties":{"color":"#f0ba28","style":"fine"},"geometry":{"type":"LineString","coordinates":[[8.89395,44.40846],[8.89367,44.40859],[8.89241,44.4089],[8.89223,44.40896]]}},{"type":"Feature","properties":{"color":"#f0c528","style":"fine"},"geometry":{"type":"LineString","coordinates":[[8.90113,44.41145],[8.90101,44.41145]]}},{"type":"Feature","properties":{"color":"#f0b728","style":"fine"},"geometry":{"type":"LineString","coordinates":[[8.90101,44.41145],[8.90067,44.41149],[8.90045,44.41166],[8.90041,44.4117]]}},{"type":"Feature","properties":{"color":"#80c527","style":"fine"},"geometry":{"type":"LineString","coordinates":[[8.90758,44.41102],[8.9071,44.41089],[8.90648,44.41071],[8.90615,44.41062],[8.90602,44.41055]]}},{"type":"Feature","properties":{"color":"#97ca1e","style":"fine"},"geometry":{"type":"LineString","coordinates":[[8.90854,44.41123],[8.90834,44.41137],[8.90809,44.41132],[8.90803,44.41127]]}},{"type":"Feature","properties":{"color":"#83c626","style":"fine"},"geometry":{"type":"LineString","coordinates":[[8.90807,44.41104],[8.90833,44.41098]]}},{"type":"Feature","properties":{"color":"#64c030","style":"fine"},"geometry":{"type":"LineString","coordinates":[[8.90803,44.41127],[8.90802,44.41109],[8.90807,44.41104]]}},{"type":"Feature","properties":{"color":"#95c91f","style":"fine"},"geometry":{"type":"LineString","coordinates":[[8.90833,44.41098],[8.90841,44.411]]}},{"type":"Feature","properties":{"color":"#6fc22c","style":"fine"},"geometry":{"type":"LineString","coordinates":[[8.903,44.41071],[8.9026,44.41066],[8.90229,44.41065],[8.90053,44.41058]]}},{"type":"Feature","properties":{"color":"#f0c328","style":"fine"},"geometry":{"type":"LineString","coordinates":[[8.89993,44.41066],[8.89985,44.41056]]}},{"type":"Feature","properties":{"color":"#3db83e","style":"fine"},"geometry":{"type":"LineString","coordinates":[[8.90041,44.4117],[8.90036,44.41184]]}},{"type":"Feature","properties":{"color":"#71c22c","style":"fine"},"geometry":{"type":"LineString","coordinates":[[8.90841,44.411],[8.90855,44.41118],[8.90854,44.41123]]}},{"type":"Feature","properties":{"color":"#f09328","style":"fine"},"geometry":{"type":"LineString","coordinates":[[8.90001,44.41056],[8.9001,44.41049]]}},{"type":"Feature","properties":{"color":"#6ac12e","style":"fine"},"geometry":{"type":"LineString","coordinates":[[8.90001,44.41056],[8.89985,44.41056]]}},{"type":"Feature","properties":{"color":"#f0a628","style":"fine"},"geometry":{"type":"LineString","coordinates":[[8.90854,44.41112],[8.90891,44.41141]]}},{"type":"Feature","properties":{"color":"#63bf31","style":"fine"},"geometry":{"type":"LineString","coordinates":[[8.88811,44.41175],[8.88835,44.41179],[8.88838,44.41184]]}},{"type":"Feature","properties":{"color":"#73c32b","style":"fine"},"geometry":{"type":"LineString","coordinates":[[8.90032,44.40887],[8.90022,44.40899]]}},{"type":"Feature","properties":{"color":"#55bd36","style":"fine"},"geometry":{"type":"LineString","coordinates":[[8.90022,44.40899],[8.90005,44.40897]]}},{"type":"Feature","properties":{"color":"#69c12f","style":"fine"},"geometry":{"type":"LineString","coordinates":[[8.90198,44.40946],[8.90183,44.40941]]}},{"type":"Feature","properties":{"color":"#7ec527","style":"fine"},"geometry":{"type":"LineString","coordinates":[[8.90799,44.41112],[8.90773,44.41103],[8.90618,44.41057],[8.90602,44.41055]]}},{"type":"Feature","properties":{"color":"#7ac429","style":"fine"},"geometry":{"type":"LineString","coordinates":[[8.88805,44.41183],[8.88811,44.41175]]}},{"type":"Feature","properties":{"color":"#6ac12e","style":"fine"},"geometry":{"type":"LineString","coordinates":[[8.88851,44.41179],[8.88838,44.41184]]}},{"type":"Feature","properties":{"color":"#4aba39","style":"fine"},"geometry":{"type":"LineString","coordinates":[[8.89972,44.41048],[8.9001,44.41049]]}},{"type":"Feature","properties":{"color":"#7fc527","style":"fine"},"geometry":{"type":"LineString","coordinates":[[8.89985,44.41056],[8.89972,44.41055]]}},{"type":"Feature","properties":{"color":"#6bc12e","style":"fine"},"geometry":{"type":"LineString","coordinates":[[8.89663,44.41095],[8.89739,44.41073],[8.89746,44.41071]]}},{"type":"Feature","properties":{"color":"#38b740","style":"fine"},"geometry":{"type":"LineString","coordinates":[[8.9003,44.40881],[8.90032,44.40887]]}},{"type":"Feature","properties":{"color":"#85c625","style":"fine"},"geometry":{"type":"LineString","coordinates":[[8.90219,44.40933],[8.90253,44.40942],[8.90277,44.40948],[8.90338,44.40968]]}},{"type":"Feature","properties":{"color":"#5bbe34","style":"fine"},"geometry":{"type":"LineString","coordinates":[[8.90826,44.41148],[8.90797,44.41161],[8.9079,44.41165]]}},{"type":"Feature","properties":{"color":"#a3cc1a","style":"fine"},"geometry":{"type":"LineString","coordinates":[[8.90338,44.40968],[8.90481,44.4101]]}},{"type":"Feature","properties":{"color":"#68c02f","style":"fine"},"geometry":{"type":"LineString","coordinates":[[8.90481,44.4101],[8.9051,44.41011]]}},{"type":"Feature","properties":{"color":"#7ac429","style":"fine"},"geometry":{"type":"LineString","coordinates":[[8.9053,44.41035],[8.90478,44.41015],[8.90363,44.40987],[8.90342,44.40984]]}},{"type":"Feature","properties":{"color":"#f0a628","style":"fine"},"geometry":{"type":"LineString","coordinates":[[8.88044,44.41165],[8.88019,44.41169],[8.87962,44.41182]]}},{"type":"Feature","properties":{"color":"#68c02f","style":"fine"},"geometry":{"type":"LineString","coordinates":[[8.89725,44.40742],[8.89741,44.40738]]}},{"type":"Feature","properties":{"color":"#64c030","style":"fine"},"geometry":{"type":"LineString","coordinates":[[8.89845,44.40711],[8.89882,44.40703],[8.89909,44.40699],[8.89972,44.4069]]}},{"type":"Feature","properties":{"color":"#33b642","style":"fine"},"geometry":{"type":"LineString","coordinates":[[8.90008,44.40877],[8.90015,44.4086],[8.89974,44.40796],[8.89942,44.40747],[8.89928,44.40725]]}},{"type":"Feature","properties":{"color":"#81c526","style":"fine"},"geometry":{"type":"LineString","coordinates":[[8.89999,44.40888],[8.89849,44.40848]]}},{"type":"Feature","properties":{"color":"#f0c628","style":"fine"},"geometry":{"type":"LineString","coordinates":[[8.87948,44.41152],[8.87978,44.41141],[8.88022,44.41126],[8.88045,44.41123]]}},{"type":"Feature","properties":{"color":"#41b93d","style":"fine"},"geometry":{"type":"LineString","coordinates":[[8.88228,44.41104],[8.88161,44.41121],[8.88035,44.41153],[8.87944,44.41177],[8.8791,44.41185],[8.87821,44.41208],[8.87756,44.41225],[8.87749,44.41226]]}},{"type":"Feature","properties":{"color":"#9bcb1d","style":"fine"},"geometry":{"type":"LineString","coordinates":[[8.89796,44.40762],[8.89804,44.40778]]}},{"type":"Feature","properties":{"color":"#39b73f","style":"fine"},"geometry":{"type":"LineString","coordinates":[[8.87745,44.41215],[8.87906,44.41174],[8.88,44.4115],[8.88085,44.41128],[8.88223,44.41093]]}},{"type":"Feature","properties":{"color":"#5cbe33","style":"fine"},"geometry":{"type":"LineString","coordinates":[[8.90094,44.407],[8.90082,44.40703]]}},{"type":"Feature","properties":{"color":"#4aba3a","style":"fine"},"geometry":{"type":"LineString","coordinates":[[8.9026,44.41066],[8.90274,44.4106]]}},{"type":"Feature","properties":{"color":"#28b446","style":"fine"},"geometry":{"type":"LineString","coordinates":[[8.88598,44.41016],[8.8863,44.41011],[8.88661,44.41006],[8.8869,44.41001],[8.88722,44.40995],[8.88752,44.40988],[8.88789,44.4098],[8.88837,44.40968],[8.8898,44.40934],[8.89387,44.40836],[8.89535,44.40801],[8.89559,44.40795],[8.89581,44.40788],[8.89614,44.40775],[8.8965,44.40763],[8.89688,44.40752]]}},{"type":"Feature","properties":{"color":"#f09a28","style":"fine"},"geometry":{"type":"LineString","coordinates":[[8.90042,44.41072],[8.90063,44.41085],[8.90152,44.41077]]}},{"type":"Feature","properties":{"color":"#29b445","style":"fine"},"geometry":{"type":"LineString","coordinates":[[8.90024,44.41072],[8.90033,44.41052],[8.90051,44.41035],[8.90065,44.41027]]}},{"type":"Feature","properties":{"color":"#74c32b","style":"fine"},"geometry":{"type":"LineString","coordinates":[[8.903,44.41071],[8.90272,44.41076],[8.90242,44.41099],[8.9022,44.41115],[8.90206,44.41124]]}},{"type":"Feature","properties":{"color":"#5bbe34","style":"fine"},"geometry":{"type":"LineString","coordinates":[[8.89999,44.40888],[8.90004,44.40879]]}},{"type":"Feature","properties":{"color":"#84c625","style":"fine"},"geometry":{"type":"LineString","coordinates":[[8.90686,44.4092],[8.90717,44.40946]]}},{"type":"Feature","properties":{"color":"#4fbb38","style":"fine"},"geometry":{"type":"LineString","coordinates":[[8.90275,44.40839],[8.90247,44.40851],[8.90241,44.40856]]}},{"type":"Feature","properties":{"color":"#58bd35","style":"fine"},"geometry":{"type":"LineString","coordinates":[[8.90261,44.40952],[8.90332,44.40971],[8.90377,44.40982],[8.9041,44.4099],[8.90435,44.40997],[8.90467,44.41005],[8.90514,44.41018]]}},{"type":"Feature","properties":{"color":"#a6cd19","style":"fine"},"geometry":{"type":"LineString","coordinates":[[8.90342,44.40984],[8.90223,44.40952],[8.90198,44.40946]]}},{"type":"Feature","properties":{"color":"#6fc22d","style":"fine"},"geometry":{"type":"LineString","coordinates":[[8.90338,44.40968],[8.90343,44.40969]]}},{"type":"Feature","properties":{"color":"#35b641","style":"fine"},"geometry":{"type":"LineString","coordinates":[[8.90228,44.40827],[8.9021,44.40818]]}},{"type":"Feature","properties":{"color":"#f09b28","style":"fine"},"geometry":{"type":"LineString","coordinates":[[8.90228,44.40827],[8.9024,44.40849],[8.90241,44.40856]]}},{"type":"Feature","properties":{"color":"#4fbb38","style":"fine"},"geometry":{"type":"LineString","coordinates":[[8.90233,44.40867],[8.90241,44.40856]]}},{"type":"Feature","properties":{"color":"#57bd35","style":"fine"},"geometry":{"type":"LineString","coordinates":[[8.90305,44.40996],[8.90286,44.41008],[8.90258,44.41019]]}},{"type":"Feature","properties":{"color":"#39b73f","style":"fine"},"geometry":{"type":"LineString","coordinates":[[8.90354,44.40902],[8.90325,44.40976],[8.90311,44.40992],[8.90305,44.40996]]}},{"type":"Feature","properties":{"color":"#69c12e","style":"fine"},"geometry":{"type":"LineString","coordinates":[[8.90358,44.40887],[8.90354,44.40902]]}},{"type":"Feature","properties":{"color":"#f0b028","style":"fine"},"geometry":{"type":"LineString","coordinates":[[8.90358,44.40887],[8.90361,44.40905],[8.90357,44.40929],[8.90358,44.40949],[8.90372,44.40968],[8.90393,44.40979],[8.90418,44.40986],[8.90454,44.40996]]}},{"type":"Feature","properties":{"color":"#f0c928","style":"fine"},"geometry":{"type":"LineString","coordinates":[[8.90346,44.409],[8.9035,44.40879],[8.9034,44.40862],[8.90318,44.40848],[8.90275,44.40839]]}},{"type":"Feature","properties":{"color":"#64c030","style":"fine"},"geometry":{"type":"LineString","coordinates":[[8.90275,44.40839],[8.90304,44.40838]]}},{"type":"Feature","properties":{"color":"#3eb83e","style":"fine"},"geometry":{"type":"LineString","coordinates":[[8.90304,44.40838],[8.90331,44.40847],[8.9035,44.40863],[8.90358,44.40883]]}},{"type":"Feature","properties":{"color":"#66c030","style":"fine"},"geometry":{"type":"LineString","coordinates":[[8.89741,44.40738],[8.89763,44.40732]]}},{"type":"Feature","properties":{"color":"#51bc37","style":"fine"},"geometry":{"type":"LineString","coordinates":[[8.89786,44.40741],[8.89747,44.40747],[8.89734,44.40749]]}},{"type":"Feature","properties":{"color":"#5ebe32","style":"fine"},"geometry":{"type":"LineString","coordinates":[[8.89796,44.40762],[8.89774,44.40747],[8.89749,44.40749],[8.89734,44.40749]]}},{"type":"Feature","properties":{"color":"#63bf31","style":"fine"},"geometry":{"type":"LineString","coordinates":[[8.89847,44.40733],[8.89786,44.40741]]}},{"type":"Feature","properties":{"color":"#3bb73f","style":"fine"},"geometry":{"type":"LineString","coordinates":[[8.89688,44.40752],[8.89725,44.40742]]}},{"type":"Feature","properties":{"color":"#28b446","style":"fine"},"geometry":{"type":"LineString","coordinates":[[8.89021,44.40936],[8.88953,44.40952],[8.8877,44.40996]]}},{"type":"Feature","properties":{"color":"#61bf31","style":"fine"},"geometry":{"type":"LineString","coordinates":[[8.89974,44.40697],[8.89941,44.40701]]}},{"type":"Feature","properties":{"color":"#46ba3b","style":"fine"},"geometry":{"type":"LineString","coordinates":[[8.90191,44.40804],[8.90165,44.40779],[8.90118,44.40723],[8.90103,44.40705],[8.90081,44.40688],[8.90047,44.40686],[8.89974,44.40697]]}},{"type":"Feature","properties":{"color":"#87c724","style":"fine"},"geometry":{"type":"LineString","coordinates":[[8.89804,44.40778],[8.89828,44.40817],[8.89842,44.40841],[8.89849,44.40848]]}},{"type":"Feature","properties":{"color":"#f0b128","style":"fine"},"geometry":{"type":"LineString","coordinates":[[8.89223,44.40896],[8.89208,44.40912],[8.89215,44.40936]]}},{"type":"Feature","properties":{"color":"#f0b428","style":"fine"},"geometry":{"type":"LineString","coordinates":[[8.88665,44.41052],[8.88651,44.41032],[8.88608,44.41028],[8.88596,44.41027]]}},{"type":"Feature","properties":{"color":"#f0cb28","style":"fine"},"geometry":{"type":"LineString","coordinates":[[8.8877,44.40996],[8.88747,44.41006],[8.8868,44.4102],[8.88665,44.41052]]}},{"type":"Feature","properties":{"color":"#9ccb1d","style":"fine"},"geometry":{"type":"LineString","coordinates":[[8.89147,44.41062],[8.89095,44.41079],[8.89004,44.41111]]}},{"type":"Feature","properties":{"color":"#64c030","style":"fine"},"geometry":{"type":"LineString","coordinates":[[8.88061,44.4118],[8.88054,44.41169]]}},{"type":"Feature","properties":{"color":"#69c12e","style":"fine"},"geometry":{"type":"LineString","coordinates":[[8.90084,44.40898],[8.90119,44.40907],[8.9017,44.4092],[8.90198,44.40927]]}},{"type":"Feature","properties":{"color":"#36b641","style":"fine"},"geometry":{"type":"LineString","coordinates":[[8.90077,44.4091],[8.90044,44.40903],[8.90022,44.40899]]}},{"type":"Feature","properties":{"color":"#46ba3b","style":"fine"},"geometry":{"type":"LineString","coordinates":[[8.90005,44.40897],[8.89999,44.40888]]}},{"type":"Feature","properties":{"color":"#50bc37","style":"fine"},"geometry":{"type":"LineString","coordinates":[[8.90779,44.41158],[8.90799,44.41145],[8.90803,44.41127]]}},{"type":"Feature","properties":{"color":"#6cc12e","style":"fine"},"geometry":{"type":"LineString","coordinates":[[8.89849,44.40718],[8.89794,44.40732],[8.89769,44.40738],[8.89734,44.40749]]}},{"type":"Feature","properties":{"color":"#73c32b","style":"fine"},"geometry":{"type":"LineString","coordinates":[[8.89766,44.41104],[8.89755,44.41084],[8.89751,44.41078]]}},{"type":"Feature","properties":{"color":"#5dbe33","style":"fine"},"geometry":{"type":"LineString","coordinates":[[8.90755,44.40995],[8.90748,44.40982]]}},{"type":"Feature","properties":{"color":"#3fb83d","style":"fine"},"geometry":{"type":"LineString","coordinates":[[8.88774,44.41176],[8.88784,44.41175]]}},{"type":"Feature","properties":{"color":"#6fc22c","style":"fine"},"geometry":{"type":"LineString","coordinates":[[8.88799,44.41173],[8.88811,44.41175]]}},{"type":"Feature","properties":{"color":"#3ab73f","style":"fine"},"geometry":{"type":"LineString","coordinates":[[8.90004,44.40879],[8.90008,44.40877]]}},{"type":"Feature","properties":{"color":"#3bb73f","style":"fine"},"geometry":{"type":"LineString","coordinates":[[8.88596,44.41027],[8.88533,44.41038]]}},{"type":"Feature","properties":{"color":"#f0bd28","style":"fine"},"geometry":{"type":"LineString","coordinates":[[8.90112,44.40992],[8.90159,44.40976]]}},{"type":"Feature","properties":{"color":"#70c22c","style":"fine"},"geometry":{"type":"LineString","coordinates":[[8.90159,44.40976],[8.90192,44.4095],[8.90205,44.40931],[8.9021,44.40912]]}},{"type":"Feature","properties":{"color":"#52bc37","style":"fine"},"geometry":{"type":"LineString","coordinates":[[8.9021,44.40912],[8.90226,44.40931],[8.90246,44.40946],[8.90261,44.40952]]}},{"type":"Feature","properties":{"color":"#34b641","style":"fine"},"geometry":{"type":"LineString","coordinates":[[8.90208,44.40842],[8.90206,44.40874],[8.90206,44.40896],[8.9021,44.40912]]}},{"type":"Feature","properties":{"color":"#f09b28","style":"fine"},"geometry":{"type":"LineString","coordinates":[[8.90276,44.4099],[8.90246,44.40975],[8.90223,44.40967],[8.90214,44.40965]]}},{"type":"Feature","properties":{"color":"#f0b528","style":"fine"},"geometry":{"type":"LineString","coordinates":[[8.90152,44.40945],[8.90151,44.40924],[8.90179,44.40912],[8.90195,44.40899],[8.90208,44.40842]]}},{"type":"Feature","properties":{"color":"#85c625","style":"fine"},"geometry":{"type":"LineString","coordinates":[[8.89769,44.40858],[8.8971,44.40877]]}},{"type":"Feature","properties":{"color":"#58bd35","style":"fine"},"geometry":{"type":"LineString","coordinates":[[8.90065,44.41027],[8.90089,44.41012],[8.90118,44.40997]]}},{"type":"Feature","properties":{"color":"#61bf31","style":"fine"},"geometry":{"type":"LineString","coordinates":[[8.89734,44.40749],[8.897,44.40759],[8.89654,44.40775],[8.89589,44.40798],[8.89544,44.40811],[8.89395,44.40846]]}},{"type":"Feature","properties":{"color":"#3fb83d","style":"fine"},"geometry":{"type":"LineString","coordinates":[[8.89395,44.40846],[8.89364,44.40853],[8.89041,44.4093],[8.89021,44.40936]]}},{"type":"Feature","properties":{"color":"#4aba39","style":"fine"},"geometry":{"type":"LineString","coordinates":[[8.90025,44.40878],[8.9003,44.40881]]}},{"type":"Feature","properties":{"color":"#46ba3b","style":"fine"},"geometry":{"type":"LineString","coordinates":[[8.90054,44.41044],[8.9004,44.41059],[8.90035,44.4107]]}},{"type":"Feature","properties":{"color":"#f08d28","style":"fine"},"geometry":{"type":"LineString","coordinates":[[8.90054,44.41044],[8.90044,44.41063],[8.90042,44.41072]]}},{"type":"Feature","properties":{"color":"#f0a328","style":"fine"},"geometry":{"type":"LineString","coordinates":[[8.90214,44.40965],[8.90182,44.40958],[8.90173,44.40956]]}},{"type":"Feature","properties":{"color":"#3cb83e","style":"fine"},"geometry":{"type":"LineString","coordinates":[[8.90184,44.40787],[8.90191,44.40804]]}},{"type":"Feature","properties":{"color":"#6cc12d","style":"fine"},"geometry":{"type":"LineString","coordinates":[[8.9021,44.40818],[8.90191,44.40804]]}},{"type":"Feature","properties":{"color":"#f09d28","style":"fine"},"geometry":{"type":"LineString","coordinates":[[8.90173,44.40956],[8.90152,44.40945]]}},{"type":"Feature","properties":{"color":"#37b740","style":"fine"},"geometry":{"type":"LineString","coordinates":[[8.90118,44.40997],[8.90159,44.40976]]}},{"type":"Feature","properties":{"color":"#6fc22c","style":"fine"},"geometry":{"type":"LineString","coordinates":[[8.90717,44.40946],[8.90744,44.40976],[8.90748,44.40982]]}},{"type":"Feature","properties":{"color":"#55bd36","style":"fine"},"geometry":{"type":"LineString","coordinates":[[8.90779,44.41158],[8.90792,44.41139],[8.9078,44.41116],[8.90758,44.41102]]}},{"type":"Feature","properties":{"color":"#3eb83e","style":"fine"},"geometry":{"type":"LineString","coordinates":[[8.90191,44.40804],[8.90205,44.4083],[8.90208,44.40842]]}},{"type":"Feature","properties":{"color":"#96ca1f","style":"fine"},"geometry":{"type":"LineString","coordinates":[[8.9085,44.41158],[8.90826,44.41148]]}},{"type":"Feature","properties":{"color":"#4aba39","style":"fine"},"geometry":{"type":"LineString","coordinates":[[8.89973,44.40706],[8.89941,44.40701]]}},{"type":"Feature","properties":{"color":"#5fbf32","style":"fine"},"geometry":{"type":"LineString","coordinates":[[8.89941,44.40701],[8.89885,44.40709],[8.89849,44.40718]]}},{"type":"Feature","properties":{"color":"#47ba3a","style":"fine"},"geometry":{"type":"LineString","coordinates":[[8.90274,44.4106],[8.90306,44.41063]]}},{"type":"Feature","properties":{"color":"#76c32a","style":"fine"},"geometry":{"type":"LineString","coordinates":[[8.90227,44.41084],[8.90252,44.41077],[8.9026,44.41066]]}},{"type":"Feature","properties":{"color":"#f0bc28","style":"fine"},"geometry":{"type":"LineString","coordinates":[[8.90031,44.4117],[8.90029,44.41154]]}},{"type":"Feature","properties":{"color":"#f0a428","style":"fine"},"geometry":{"type":"LineString","coordinates":[[8.88413,44.41015],[8.88353,44.41028]]}},{"type":"Feature","properties":{"color":"#f0bd28","style":"fine"},"geometry":{"type":"LineString","coordinates":[[8.88374,44.41002],[8.88388,44.40979]]}},{"type":"Feature","properties":{"color":"#f0d528","style":"fine"},"geometry":{"type":"LineString","coordinates":[[8.88346,44.41008],[8.88374,44.41002],[8.88399,44.40996]]}},{"type":"Feature","properties":{"color":"#79c429","style":"fine"},"geometry":{"type":"LineString","coordinates":[[8.90077,44.40691],[8.89973,44.40706]]}},{"type":"Feature","properties":{"color":"#5cbe33","style":"fine"},"geometry":{"type":"LineString","coordinates":[[8.90116,44.40692],[8.90077,44.40691]]}},{"type":"Feature","properties":{"color":"#f0b928","style":"fine"},"geometry":{"type":"LineString","coordinates":[[8.88353,44.41028],[8.88217,44.41059],[8.88153,44.41063]]}},{"type":"Feature","properties":{"color":"#f0d328","style":"fine"},"geometry":{"type":"LineString","coordinates":[[8.88153,44.41063],[8.88208,44.4104],[8.88346,44.41008]]}},{"type":"Feature","properties":{"color":"#76c32a","style":"fine"},"geometry":{"type":"LineString","coordinates":[[8.90177,44.41075],[8.90217,44.41083],[8.90227,44.41084]]}},{"type":"Feature","properties":{"color":"#49ba3a","style":"fine"},"geometry":{"type":"LineString","coordinates":[[8.9052,44.40736],[8.9057,44.40751],[8.90593,44.40758],[8.90615,44.40773],[8.90626,44.40792]]}},{"type":"Feature","properties":{"color":"#4cbb39","style":"fine"},"geometry":{"type":"LineString","coordinates":[[8.90429,44.41084],[8.90462,44.41092]]}},{"type":"Feature","properties":{"color":"#7ac429","style":"fine"},"geometry":{"type":"LineString","coordinates":[[8.90306,44.41063],[8.90335,44.41066],[8.90362,44.41069],[8.9041,44.41079],[8.90429,44.41084]]}},{"type":"Feature","properties":{"color":"#87c724","style":"fine"},"geometry":{"type":"LineString","coordinates":[[8.908,44.41121],[8.90758,44.41102]]}},{"type":"Feature","properties":{"color":"#6bc12e","style":"fine"},"geometry":{"type":"LineString","coordinates":[[8.90602,44.41055],[8.90541,44.41038],[8.9053,44.41035]]}},{"type":"Feature","properties":{"color":"#f09228","style":"fine"},"geometry":{"type":"LineString","coordinates":[[8.90306,44.41063],[8.90332,44.41061],[8.90341,44.41058]]}},{"type":"Feature","properties":{"color":"#54bc36","style":"fine"},"geometry":{"type":"LineString","coordinates":[[8.87976,44.41107],[8.88153,44.41063]]}},{"type":"Feature","properties":{"color":"#dbd707","style":"fine"},"geometry":{"type":"LineString","coordinates":[[8.95384,44.41389],[8.95396,44.41374]]}},{"type":"Feature","properties":{"color":"#d3d60a","style":"fine"},"geometry":{"type":"LineString","coordinates":[[8.94612,44.43706],[8.94718,44.43711],[8.94802,44.43713],[8.94848,44.43715],[8.94869,44.43715]]}},{"type":"Feature","properties":{"color":"#e25828","style":"fine"},"geometry":{"type":"LineString","coordinates":[[8.94568,44.42938],[8.94569,44.42965],[8.94574,44.42989]]}},{"type":"Feature","properties":{"color":"#ded806","style":"fine"},"geometry":{"type":"LineString","coordinates":[[8.9489,44.43714],[8.94933,44.43711]]}},{"type":"Feature","properties":{"color":"#bdd111","style":"fine"},"geometry":{"type":"LineString","coordinates":[[8.95014,44.41623],[8.95025,44.41646],[8.95069,44.41672],[8.95086,44.41682]]}},{"type":"Feature","properties":{"color":"#e66128","style":"fine"},"geometry":{"type":"LineString","coordinates":[[8.94853,44.4272],[8.94827,44.42699],[8.94819,44.42694]]}},{"type":"Feature","properties":{"color":"#e55f28","style":"fine"},"geometry":{"type":"LineString","coordinates":[[8.94217,44.43631],[8.94223,44.43651],[8.94234,44.43683],[8.94235,44.4369]]}},{"type":"Feature","properties":{"color":"#dd4d28","style":"fine"},"geometry":{"type":"LineString","coordinates":[[8.93994,44.43765],[8.94025,44.43741],[8.94056,44.43724],[8.94078,44.43712],[8.94116,44.43698],[8.94154,44.43687],[8.94187,44.43679],[8.94205,44.43666],[8.94211,44.43642]]}},{"type":"Feature","properties":{"color":"#abce18","style":"fine"},"geometry":{"type":"LineString","coordinates":[[8.93915,44.43797],[8.93994,44.43765],[8.94028,44.4375]]}},{"type":"Feature","properties":{"color":"#e35b28","style":"fine"},"geometry":{"type":"LineString","coordinates":[[8.94362,44.43581],[8.94333,44.43561],[8.94313,44.43546],[8.94297,44.43528],[8.94285,44.43509],[8.94278,44.43488],[8.94274,44.43468],[8.94275,44.43447],[8.9428,44.43427],[8.9429,44.43408],[8.94312,44.4338],[8.9434,44.43348],[8.94377,44.43322]]}},{"type":"Feature","properties":{"color":"#ec7028","style":"fine"},"geometry":{"type":"LineString","coordinates":[[8.94377,44.43322],[8.94473,44.43251]]}},{"type":"Feature","properties":{"color":"#ec7028","style":"fine"},"geometry":{"type":"LineString","coordinates":[[8.94592,44.43062],[8.94604,44.43087],[8.94615,44.43116]]}},{"type":"Feature","properties":{"color":"#dfd805","style":"fine"},"geometry":{"type":"LineString","coordinates":[[8.95149,44.42752],[8.95123,44.42809]]}},{"type":"Feature","properties":{"color":"#b9d113","style":"fine"},"geometry":{"type":"LineString","coordinates":[[8.95123,44.42809],[8.95121,44.42815]]}},{"type":"Feature","properties":{"color":"#bbd112","style":"fine"},"geometry":{"type":"LineString","coordinates":[[8.94803,44.42241],[8.9482,44.42208]]}},{"type":"Feature","properties":{"color":"#c2d210","style":"fine"},"geometry":{"type":"LineString","coordinates":[[8.94385,44.43707],[8.9432,44.43704],[8.9428,44.43703],[8.94238,44.43705],[8.94198,44.43709],[8.94162,44.43715],[8.94127,44.43724],[8.94096,44.43734],[8.94066,44.43746],[8.94035,44.43762],[8.9397,44.43796]]}},{"type":"Feature","properties":{"color":"#e0d805","style":"fine"},"geometry":{"type":"LineString","coordinates":[[8.95384,44.41389],[8.95373,44.41401]]}},{"type":"Feature","properties":{"color":"#f0d528","style":"fine"},"geometry":{"type":"LineString","coordinates":[[8.94809,44.42288],[8.9482,44.42287]]}},{"type":"Feature","properties":{"color":"#e8da02","style":"fine"},"geometry":{"type":"LineString","coordinates":[[8.94713,44.42293],[8.94798,44.42288],[8.94803,44.42288]]}},{"type":"Feature","properties":{"color":"#f0d728","style":"fine"},"geometry":{"type":"LineString","coordinates":[[8.94699,44.42293],[8.94713,44.42293]]}},{"type":"Feature","properties":{"color":"#de5128","style":"fine"},"geometry":{"type":"LineString","coordinates":[[8.94824,44.42656],[8.94798,44.42671],[8.94788,44.4272]]}},{"type":"Feature","properties":{"color":"#b6d014","style":"fine"},"geometry":{"type":"LineString","coordinates":[[8.94795,44.41407],[8.9477,44.41407]]}},{"type":"Feature","properties":{"color":"#aace18","style":"fine"},"geometry":{"type":"LineString","coordinates":[[8.94958,44.42672],[8.94965,44.42686]]}},{"type":"Feature","properties":{"color":"#bdd111","style":"fine"},"geometry":{"type":"LineString","coordinates":[[8.9477,44.42623],[8.9476,44.42605],[8.94746,44.42573]]}},{"type":"Feature","properties":{"color":"#bcd112","style":"fine"},"geometry":{"type":"LineString","coordinates":[[8.9498,44.41638],[8.94996,44.41622]]}},{"type":"Feature","properties":{"color":"#cbd40c","style":"fine"},"geometry":{"type":"LineString","coordinates":[[8.95292,44.41345],[8.95299,44.41348]]}},{"type":"Feature","properties":{"color":"#e66128","style":"fine"},"geometry":{"type":"LineString","coordinates":[[8.94385,44.43707],[8.94305,44.43711],[8.94276,44.43714],[8.94233,44.4372],[8.94156,44.43734],[8.9412,44.43746],[8.94095,44.43758],[8.94071,44.43762]]}},{"type":"Feature","properties":{"color":"#e8da02","style":"fine"},"geometry":{"type":"LineString","coordinates":[[8.94807,44.42275],[8.94805,44.42255],[8.94803,44.42241]]}},{"type":"Feature","properties":{"color":"#a6cd19","style":"fine"},"geometry":{"type":"LineString","coordinates":[[8.95265,44.41527],[8.9524,44.41541],[8.95199,44.41577],[8.9518,44.41593],[8.95134,44.41633],[8.95109,44.41656],[8.95095,44.41672],[8.95086,44.41682]]}},{"type":"Feature","properties":{"color":"#d1d50a","style":"fine"},"geometry":{"type":"LineString","coordinates":[[8.94934,44.43721],[8.94889,44.43723]]}},{"type":"Feature","properties":{"color":"#a5cd1a","style":"fine"},"geometry":{"type":"LineString","coordinates":[[8.94889,44.43723],[8.94847,44.43723],[8.94804,44.43722],[8.94717,44.43719],[8.94612,44.43715]]}},{"type":"Feature","properties":{"color":"#b8d013","style":"fine"},"geometry":{"type":"LineString","coordinates":[[8.95127,44.42739],[8.95092,44.42732],[8.95054,44.42723],[8.95019,44.42712],[8.94981,44.42696],[8.94965,44.42686]]}},{"type":"Feature","properties":{"color":"#d94528","style":"fine"},"geometry":{"type":"LineString","coordinates":[[8.94892,44.42639],[8.94862,44.42637],[8.9484,44.42648],[8.94826,44.42655]]}},{"type":"Feature","properties":{"color":"#e25928","style":"fine"},"geometry":{"type":"LineString","coordinates":[[8.94871,44.42575],[8.94853,44.42611],[8.94839,44.42635],[8.94826,44.42655]]}},{"type":"Feature","properties":{"color":"#df5328","style":"fine"},"geometry":{"type":"LineString","coordinates":[[8.94776,44.42659],[8.94785,44.42633]]}},{"type":"Feature","properties":{"color":"#e86628","style":"fine"},"geometry":{"type":"LineString","coordinates":[[8.94816,44.42581],[8.94815,44.42565]]}},{"type":"Feature","properties":{"color":"#a2cc1a","style":"fine"},"geometry":{"type":"LineString","coordinates":[[8.94628,44.41406],[8.94618,44.41403]]}},{"type":"Feature","properties":{"color":"#7fc527","style":"fine"},"geometry":{"type":"LineString","coordinates":[[8.95013,44.41714],[8.94967,44.41662]]}},{"type":"Feature","properties":{"color":"#abce17","style":"fine"},"geometry":{"type":"LineString","coordinates":[[8.95301,44.41349],[8.95375,44.41385]]}},{"type":"Feature","properties":{"color":"#92c920","style":"fine"},"geometry":{"type":"LineString","coordinates":[[8.93097,44.41295],[8.93038,44.4132],[8.93015,44.41326],[8.93006,44.41328]]}},{"type":"Feature","properties":{"color":"#9ccb1d","style":"fine"},"geometry":{"type":"LineString","coordinates":[[8.92214,44.41635],[8.92199,44.41619],[8.9218,44.41606],[8.92152,44.416],[8.92085,44.41614]]}},{"type":"Feature","properties":{"color":"#65c030","style":"fine"},"geometry":{"type":"LineString","coordinates":[[8.91905,44.41542],[8.91908,44.41562],[8.91909,44.41588]]}},{"type":"Feature","properties":{"color":"#b3cf15","style":"fine"},"geometry":{"type":"LineString","coordinates":[[8.94926,44.41465],[8.94904,44.41486],[8.94877,44.41495],[8.94843,44.41509],[8.94824,44.41533],[8.94816,44.41565],[8.94796,44.41617],[8.94769,44.4166],[8.94756,44.41679],[8.9474,44.41698],[8.947,44.41746],[8.9468,44.41767],[8.94657,44.41781],[8.94626,44.41786],[8.94602,44.41796],[8.9459,44.41821],[8.94594,44.41846],[8.94607,44.41862],[8.94614,44.41885],[8.94608,44.41913],[8.946,44.41943],[8.94582,44.42007],[8.94576,44.42036],[8.94566,44.4208],[8.94564,44.42102],[8.94564,44.42126],[8.94563,44.42154],[8.94562,44.42182],[8.94565,44.42211],[8.94582,44.42232],[8.94667,44.42289],[8.94699,44.42293]]}},{"type":"Feature","properties":{"color":"#c1d210","style":"fine"},"geometry":{"type":"LineString","coordinates":[[8.94028,44.41364],[8.93987,44.41366],[8.93963,44.41363],[8.93918,44.41329],[8.93902,44.41325]]}},{"type":"Feature","properties":{"color":"#97ca1e","style":"fine"},"geometry":{"type":"LineString","coordinates":[[8.93317,44.4146],[8.93248,44.41475],[8.93199,44.41489],[8.93175,44.41498],[8.93203,44.41605],[8.93232,44.41684],[8.93231,44.41691]]}},{"type":"Feature","properties":{"color":"#74c32b","style":"fine"},"geometry":{"type":"LineString","coordinates":[[8.91855,44.4166],[8.91824,44.4167],[8.91798,44.41667]]}},{"type":"Feature","properties":{"color":"#61bf31","style":"fine"},"geometry":{"type":"LineString","coordinates":[[8.91905,44.41542],[8.9189,44.4154]]}},{"type":"Feature","properties":{"color":"#8ac723","style":"fine"},"geometry":{"type":"LineString","coordinates":[[8.92008,44.41558],[8.91946,44.41548],[8.91905,44.41542]]}},{"type":"Feature","properties":{"color":"#7dc528","style":"fine"},"geometry":{"type":"LineString","coordinates":[[8.9282,44.41382],[8.9282,44.41374]]}},{"type":"Feature","properties":{"color":"#87c724","style":"fine"},"geometry":{"type":"LineString","coordinates":[[8.92834,44.41369],[8.92862,44.41361],[8.92885,44.41356]]}},{"type":"Feature","properties":{"color":"#cbd40c","style":"fine"},"geometry":{"type":"LineString","coordinates":[[8.95375,44.41385],[8.95384,44.41389]]}},{"type":"Feature","properties":{"color":"#afcf16","style":"fine"},"geometry":{"type":"LineString","coordinates":[[8.92963,44.41337],[8.92888,44.41355],[8.92885,44.41356]]}},{"type":"Feature","properties":{"color":"#99ca1e","style":"fine"},"geometry":{"type":"LineString","coordinates":[[8.92889,44.41425],[8.92934,44.41421],[8.92967,44.4142],[8.92987,44.41442],[8.92997,44.41459],[8.92996,44.41468]]}},{"type":"Feature","properties":{"color":"#c5d30e","style":"fine"},"geometry":{"type":"LineString","coordinates":[[8.92996,44.41468],[8.92937,44.4148],[8.92888,44.41488],[8.92868,44.41501],[8.92877,44.41563],[8.92882,44.41597],[8.92894,44.41668],[8.92898,44.41691],[8.929,44.41704]]}},{"type":"Feature","properties":{"color":"#a2cc1b","style":"fine"},"geometry":{"type":"LineString","coordinates":[[8.92715,44.41303],[8.9269,44.41289]]}},{"type":"Feature","properties":{"color":"#a1cc1b","style":"fine"},"geometry":{"type":"LineString","coordinates":[[8.9282,44.41382],[8.92795,44.41377]]}},{"type":"Feature","properties":{"color":"#91c921","style":"fine"},"geometry":{"type":"LineString","coordinates":[[8.94847,44.41409],[8.94878,44.41409],[8.94893,44.41411]]}},{"type":"Feature","properties":{"color":"#ced50b","style":"fine"},"geometry":{"type":"LineString","coordinates":[[8.94807,44.41411],[8.94795,44.41407]]}},{"type":"Feature","properties":{"color":"#8dc822","style":"fine"},"geometry":{"type":"LineString","coordinates":[[8.93519,44.41571],[8.93529,44.41605],[8.9354,44.41611]]}},{"type":"Feature","properties":{"color":"#a3cc1a","style":"fine"},"geometry":{"type":"LineString","coordinates":[[8.93624,44.41455],[8.936,44.41465],[8.93577,44.41541],[8.93567,44.41576],[8.9356,44.41588]]}},{"type":"Feature","properties":{"color":"#8cc822","style":"fine"},"geometry":{"type":"LineString","coordinates":[[8.93481,44.4159],[8.93462,44.41563],[8.93434,44.41515],[8.93398,44.41455],[8.93388,44.41447]]}},{"type":"Feature","properties":{"color":"#94c920","style":"fine"},"geometry":{"type":"LineString","coordinates":[[8.93902,44.41325],[8.93866,44.41335],[8.93812,44.41349],[8.93802,44.41407],[8.93828,44.41444]]}},{"type":"Feature","properties":{"color":"#ded805","style":"fine"},"geometry":{"type":"LineString","coordinates":[[8.94361,44.41322],[8.94335,44.41313],[8.94283,44.41324],[8.94244,44.4134],[8.94206,44.41355],[8.94152,44.41375],[8.94115,44.41391],[8.94081,44.41404],[8.9404,44.4137],[8.94028,44.41364]]}},{"type":"Feature","properties":{"color":"#9bcb1d","style":"fine"},"geometry":{"type":"LineString","coordinates":[[8.95292,44.41345],[8.95277,44.41373],[8.95261,44.41394],[8.95227,44.41438],[8.95187,44.41484],[8.95154,44.41524],[8.95136,44.41546],[8.95109,44.4157],[8.95091,44.41583],[8.95069,44.41597],[8.95043,44.41608],[8.95014,44.41623]]}},{"type":"Feature","properties":{"color":"#c3d30f","style":"fine"},"geometry":{"type":"LineString","coordinates":[[8.9369,44.41456],[8.93739,44.41452],[8.93766,44.41447],[8.9377,44.41429],[8.93759,44.41401],[8.93752,44.41381],[8.93729,44.41337],[8.93711,44.41305]]}},{"type":"Feature","properties":{"color":"#d8d708","style":"fine"},"geometry":{"type":"LineString","coordinates":[[8.93828,44.41444],[8.93825,44.41466],[8.93803,44.41478],[8.93754,44.41475],[8.93688,44.41464],[8.93624,44.41455]]}},{"type":"Feature","properties":{"color":"#cad40d","style":"fine"},"geometry":{"type":"LineString","coordinates":[[8.92161,44.4249],[8.92156,44.42468],[8.92135,44.42449],[8.92112,44.42429],[8.9209,44.4241],[8.92075,44.42392],[8.92067,44.42373],[8.92052,44.42355],[8.92022,44.42335],[8.92002,44.4232],[8.91993,44.42301],[8.92,44.42278],[8.92014,44.42253],[8.92023,44.42236],[8.92031,44.42218],[8.92039,44.42197],[8.92042,44.42176],[8.92052,44.42156],[8.92083,44.42144],[8.92135,44.42146],[8.92181,44.42148],[8.92209,44.42143],[8.92229,44.42129],[8.92235,44.42101],[8.92236,44.42081],[8.9225,44.42063],[8.92277,44.42053],[8.92307,44.42054],[8.92362,44.42071],[8.92413,44.42089],[8.92425,44.42094]]}},{"type":"Feature","properties":{"color":"#f0db28","style":"fine"},"geometry":{"type":"LineString","coordinates":[[8.92612,44.42211],[8.92579,44.4213],[8.92561,44.42089],[8.92553,44.42071],[8.92548,44.42059]]}},{"type":"Feature","properties":{"color":"#b4d014","style":"fine"},"geometry":{"type":"LineString","coordinates":[[8.94849,44.41915],[8.94833,44.41973],[8.94819,44.42022],[8.94811,44.4205],[8.94797,44.42099],[8.94794,44.42147],[8.94796,44.4218]]}},{"type":"Feature","properties":{"color":"#7bc428","style":"fine"},"geometry":{"type":"LineString","coordinates":[[8.95086,44.41682],[8.95038,44.41703],[8.95013,44.41714]]}},{"type":"Feature","properties":{"color":"#c8d40d","style":"fine"},"geometry":{"type":"LineString","coordinates":[[8.929,44.41704],[8.92871,44.41707],[8.92843,44.41627],[8.92841,44.41716],[8.92843,44.41726]]}},{"type":"Feature","properties":{"color":"#a0cc1b","style":"fine"},"geometry":{"type":"LineString","coordinates":[[8.9269,44.41289],[8.92657,44.41313],[8.92638,44.41328],[8.92575,44.41368],[8.92534,44.41394],[8.92502,44.41415],[8.92483,44.41426],[8.92439,44.41454],[8.92419,44.41468],[8.92387,44.41485],[8.9235,44.41503],[8.92329,44.41513],[8.92291,44.41526],[8.92245,44.41539],[8.92203,44.41547],[8.92167,44.41555],[8.921,44.41564],[8.92085,44.41567]]}},{"type":"Feature","properties":{"color":"#f0cb28","style":"fine"},"geometry":{"type":"LineString","coordinates":[[8.9297,44.42069],[8.92974,44.42077]]}},{"type":"Feature","properties":{"color":"#e7da02","style":"fine"},"geometry":{"type":"LineString","coordinates":[[8.9297,44.42069],[8.92956,44.42053],[8.92915,44.42037],[8.9289,44.42027],[8.92861,44.42004],[8.92834,44.41952],[8.928,44.41886],[8.92785,44.41856],[8.92772,44.41839],[8.9275,44.41831],[8.92697,44.41839],[8.9266,44.41845],[8.92562,44.41861],[8.92524,44.41866]]}},{"type":"Feature","properties":{"color":"#ccd40c","style":"fine"},"geometry":{"type":"LineString","coordinates":[[8.92524,44.41866],[8.92503,44.41867]]}},{"type":"Feature","properties":{"color":"#a7cd19","style":"fine"},"geometry":{"type":"LineString","coordinates":[[8.93325,44.41453],[8.93317,44.4146]]}},{"type":"Feature","properties":{"color":"#e6da03","style":"fine"},"geometry":{"type":"LineString","coordinates":[[8.92453,44.41979],[8.9245,44.4196],[8.92399,44.41933],[8.9235,44.41906],[8.92305,44.41882],[8.92273,44.41865]]}},{"type":"Feature","properties":{"color":"#d3d60a","style":"fine"},"geometry":{"type":"LineString","coordinates":[[8.92239,44.41846],[8.92212,44.41832],[8.92179,44.41814],[8.92143,44.4181],[8.92101,44.41807],[8.92083,44.41795],[8.92093,44.41787]]}},{"type":"Feature","properties":{"color":"#9fcb1c","style":"fine"},"geometry":{"type":"LineString","coordinates":[[8.929,44.41704],[8.92929,44.41703],[8.92942,44.4168],[8.92938,44.41661],[8.92931,44.41623],[8.92933,44.41604],[8.92958,44.41597],[8.92999,44.41632],[8.93023,44.41654],[8.93041,44.41663]]}},{"type":"Feature","properties":{"color":"#b5d014","style":"fine"},"geometry":{"type":"LineString","coordinates":[[8.92289,44.41687],[8.92281,44.41666],[8.92269,44.41658]]}},{"type":"Feature","properties":{"color":"#db4a28","style":"fine"},"geometry":{"type":"LineString","coordinates":[[8.94759,44.42769],[8.94737,44.42782]]}},{"type":"Feature","properties":{"color":"#d4d609","style":"fine"},"geometry":{"type":"LineString","coordinates":[[8.93325,44.41453],[8.93357,44.41446],[8.93388,44.41447]]}},{"type":"Feature","properties":{"color":"#ed7228","style":"fine"},"geometry":{"type":"LineString","coordinates":[[8.9403,44.43735],[8.94033,44.43716],[8.94048,44.437],[8.94106,44.43686],[8.94172,44.43676],[8.94198,44.43665],[8.94211,44.43642]]}},{"type":"Feature","properties":{"color":"#e66328","style":"fine"},"geometry":{"type":"LineString","coordinates":[[8.9421,44.43618],[8.94198,44.4358]]}},{"type":"Feature","properties":{"color":"#b4d014","style":"fine"},"geometry":{"type":"LineString","coordinates":[[8.94965,44.42686],[8.94938,44.42667],[8.9492,44.42652],[8.94895,44.42627],[8.94873,44.42599]]}},{"type":"Feature","properties":{"color":"#bdd111","style":"fine"},"geometry":{"type":"LineString","coordinates":[[8.94873,44.42599],[8.9486,44.42577],[8.9485,44.42556],[8.94842,44.42523]]}},{"type":"Feature","properties":{"color":"#ecdb01","style":"fine"},"geometry":{"type":"LineString","coordinates":[[8.94842,44.42523],[8.94833,44.42459],[8.94826,44.42412]]}},{"type":"Feature","properties":{"color":"#df5228","style":"fine"},"geometry":{"type":"LineString","coordinates":[[8.94214,44.43715],[8.94175,44.43723],[8.94149,44.43728],[8.94121,44.43735],[8.94092,44.43742],[8.9397,44.43796]]}},{"type":"Feature","properties":{"color":"#e9da02","style":"fine"},"geometry":{"type":"LineString","coordinates":[[8.95152,44.42746],[8.95149,44.42752]]}},{"type":"Feature","properties":{"color":"#e5d903","style":"fine"},"geometry":{"type":"LineString","coordinates":[[8.94871,44.42575],[8.94893,44.4261],[8.94928,44.42647],[8.94946,44.42662],[8.94958,44.42672]]}},{"type":"Feature","properties":{"color":"#d8d708","style":"fine"},"geometry":{"type":"LineString","coordinates":[[8.94829,44.42213],[8.94816,44.42233],[8.94817,44.4227],[8.9482,44.42287]]}},{"type":"Feature","properties":{"color":"#c8d40d","style":"fine"},"geometry":{"type":"LineString","coordinates":[[8.95121,44.42815],[8.95096,44.42809],[8.95039,44.42796],[8.95015,44.4279],[8.94984,44.42782],[8.94959,44.42774],[8.94942,44.42765]]}},{"type":"Feature","properties":{"color":"#f0da28","style":"fine"},"geometry":{"type":"LineString","coordinates":[[8.94681,44.4217],[8.94679,44.42131],[8.94682,44.42102],[8.94694,44.42049],[8.94716,44.41978],[8.94729,44.41935],[8.9475,44.41873],[8.94766,44.41824],[8.94778,44.41804],[8.94813,44.41756],[8.94832,44.41735],[8.94868,44.41701],[8.94908,44.41674],[8.94943,44.41655],[8.94956,44.41649]]}},{"type":"Feature","properties":{"color":"#e45e28","style":"fine"},"geometry":{"type":"LineString","coordinates":[[8.94784,44.4273],[8.94777,44.42749],[8.94759,44.42769]]}},{"type":"Feature","properties":{"color":"#5cbe33","style":"fine"},"geometry":{"type":"LineString","coordinates":[[8.91868,44.41658],[8.91855,44.4166]]}},{"type":"Feature","properties":{"color":"#e45e28","style":"fine"},"geometry":{"type":"LineString","coordinates":[[8.94319,44.43263],[8.94356,44.43262],[8.94394,44.43264],[8.9443,44.43269],[8.94466,44.43277],[8.94497,44.43288],[8.94527,44.43301],[8.94541,44.43308]]}},{"type":"Feature","properties":{"color":"#ed7228","style":"fine"},"geometry":{"type":"LineString","coordinates":[[8.94541,44.43308],[8.94559,44.43321],[8.94572,44.43337],[8.94582,44.43358],[8.94584,44.43379],[8.94583,44.43413],[8.94581,44.43466]]}},{"type":"Feature","properties":{"color":"#de5028","style":"fine"},"geometry":{"type":"LineString","coordinates":[[8.94577,44.43537],[8.94565,44.4356],[8.94546,44.4358],[8.94519,44.43596],[8.94509,44.436]]}},{"type":"Feature","properties":{"color":"#d94428","style":"fine"},"geometry":{"type":"LineString","coordinates":[[8.94509,44.436],[8.94475,44.43608],[8.94441,44.43608],[8.94408,44.43602],[8.94379,44.43591],[8.94362,44.43581]]}},{"type":"Feature","properties":{"color":"#e35c28","style":"fine"},"geometry":{"type":"LineString","coordinates":[[8.94157,44.43459],[8.94147,44.43424],[8.94144,44.43404],[8.94146,44.43384],[8.94151,44.4336],[8.94162,44.4334]]}},{"type":"Feature","properties":{"color":"#d6d608","style":"fine"},"geometry":{"type":"LineString","coordinates":[[8.94942,44.42765],[8.94911,44.42748],[8.94861,44.42716],[8.94837,44.42697],[8.94812,44.42673]]}},{"type":"Feature","properties":{"color":"#b5d014","style":"fine"},"geometry":{"type":"LineString","coordinates":[[8.94732,44.42536],[8.94726,44.42502],[8.94716,44.42414],[8.94701,44.42306],[8.94699,44.42293]]}},{"type":"Feature","properties":{"color":"#89c723","style":"fine"},"geometry":{"type":"LineString","coordinates":[[8.92214,44.41635],[8.92235,44.41645],[8.92269,44.41658]]}},{"type":"Feature","properties":{"color":"#b7d013","style":"fine"},"geometry":{"type":"LineString","coordinates":[[8.94902,44.41416],[8.94896,44.41416]]}},{"type":"Feature","properties":{"color":"#98ca1e","style":"fine"},"geometry":{"type":"LineString","coordinates":[[8.94895,44.41408],[8.94906,44.41412]]}},{"type":"Feature","properties":{"color":"#d9d707","style":"fine"},"geometry":{"type":"LineString","coordinates":[[8.95397,44.417],[8.95446,44.41727],[8.95478,44.41744]]}},{"type":"Feature","properties":{"color":"#cdd50c","style":"fine"},"geometry":{"type":"LineString","coordinates":[[8.94823,44.42315],[8.94826,44.42342]]}},{"type":"Feature","properties":{"color":"#dd4e28","style":"fine"},"geometry":{"type":"LineString","coordinates":[[8.94473,44.43251],[8.94486,44.43233],[8.94502,44.43208],[8.94523,44.43186],[8.9453,44.43179]]}},{"type":"Feature","properties":{"color":"#dc4d28","style":"fine"},"geometry":{"type":"LineString","coordinates":[[8.94211,44.43642],[8.9421,44.43618]]}},{"type":"Feature","properties":{"color":"#da4728","style":"fine"},"geometry":{"type":"LineString","coordinates":[[8.94784,44.4273],[8.94781,44.42704],[8.94779,44.42685]]}},{"type":"Feature","properties":{"color":"#cbd40c","style":"fine"},"geometry":{"type":"LineString","coordinates":[[8.94795,44.41407],[8.94807,44.41405]]}},{"type":"Feature","properties":{"color":"#eedb00","style":"fine"},"geometry":{"type":"LineString","coordinates":[[8.94796,44.4218],[8.94808,44.42199],[8.9482,44.42208]]}},{"type":"Feature","properties":{"color":"#b2cf15","style":"fine"},"geometry":{"type":"LineString","coordinates":[[8.94803,44.42241],[8.94798,44.42219],[8.94796,44.4218]]}},{"type":"Feature","properties":{"color":"#a3cc1a","style":"fine"},"geometry":{"type":"LineString","coordinates":[[8.92885,44.41356],[8.92853,44.41374],[8.92844,44.41377]]}},{"type":"Feature","properties":{"color":"#eb6d28","style":"fine"},"geometry":{"type":"LineString","coordinates":[[8.94824,44.42656],[8.948,44.4266],[8.94784,44.42644],[8.94785,44.42633]]}},{"type":"Feature","properties":{"color":"#f0db28","style":"fine"},"geometry":{"type":"LineString","coordinates":[[8.94812,44.42673],[8.94791,44.42654],[8.9477,44.42623]]}},{"type":"Feature","properties":{"color":"#d7d708","style":"fine"},"geometry":{"type":"LineString","coordinates":[[8.95205,44.42757],[8.95171,44.42751],[8.95152,44.42746]]}},{"type":"Feature","properties":{"color":"#ee7428","style":"fine"},"geometry":{"type":"LineString","coordinates":[[8.94737,44.42782],[8.94643,44.42817],[8.94616,44.42832],[8.94595,44.42852],[8.94582,44.42877],[8.94575,44.42902],[8.94568,44.42938]]}},{"type":"Feature","properties":{"color":"#dad707","style":"fine"},"geometry":{"type":"LineString","coordinates":[[8.92243,44.41918],[8.92276,44.41928],[8.92374,44.41957],[8.92444,44.41979],[8.92453,44.41979]]}},{"type":"Feature","properties":{"color":"#b0cf16","style":"fine"},"geometry":{"type":"LineString","coordinates":[[8.92273,44.41865],[8.92239,44.41846]]}},{"type":"Feature","properties":{"color":"#efdb00","style":"fine"},"geometry":{"type":"LineString","coordinates":[[8.92548,44.42059],[8.92522,44.42057],[8.92461,44.42031],[8.92375,44.41994],[8.92287,44.41957],[8.92232,44.41935],[8.92243,44.41918]]}},{"type":"Feature","properties":{"color":"#cdd50b","style":"fine"},"geometry":{"type":"LineString","coordinates":[[8.92503,44.41867],[8.92469,44.41887],[8.92476,44.41905],[8.92495,44.41932],[8.92516,44.41963],[8.9253,44.41983],[8.92541,44.42],[8.92559,44.42025],[8.92568,44.42042],[8.92552,44.42057],[8.92548,44.42059]]}},{"type":"Feature","properties":{"color":"#ced50b","style":"fine"},"geometry":{"type":"LineString","coordinates":[[8.92844,44.41379],[8.92861,44.41398]]}},{"type":"Feature","properties":{"color":"#c0d210","style":"fine"},"geometry":{"type":"LineString","coordinates":[[8.92425,44.42094],[8.92467,44.42117],[8.92493,44.42134],[8.92525,44.42159],[8.92546,44.42181],[8.92564,44.42204],[8.92576,44.4222],[8.92603,44.42221],[8.92612,44.42211]]}},{"type":"Feature","properties":{"color":"#f0c728","style":"fine"},"geometry":{"type":"LineString","coordinates":[[8.93237,44.41803],[8.93176,44.41802],[8.93159,44.41826],[8.93144,44.41866],[8.93133,44.419],[8.93105,44.41958],[8.93093,44.41979],[8.93076,44.41994],[8.93039,44.42016],[8.93025,44.42036],[8.93023,44.42045]]}},{"type":"Feature","properties":{"color":"#bed211","style":"fine"},"geometry":{"type":"LineString","coordinates":[[8.93011,44.42099],[8.93031,44.42087],[8.93028,44.42067],[8.93023,44.42045]]}},{"type":"Feature","properties":{"color":"#a4cc1a","style":"fine"},"geometry":{"type":"LineString","coordinates":[[8.92279,44.41708],[8.92259,44.41721],[8.92237,44.41733],[8.92231,44.4176],[8.92226,44.41783],[8.92203,44.4179],[8.92163,44.41788],[8.92102,44.41787],[8.92093,44.41787]]}},{"type":"Feature","properties":{"color":"#a0cc1b","style":"fine"},"geometry":{"type":"LineString","coordinates":[[8.9354,44.41611],[8.93667,44.41671],[8.93647,44.4168]]}},{"type":"Feature","properties":{"color":"#98ca1e","style":"fine"},"geometry":{"type":"LineString","coordinates":[[8.93647,44.4168],[8.9357,44.41644]]}},{"type":"Feature","properties":{"color":"#a9cd18","style":"fine"},"geometry":{"type":"LineString","coordinates":[[8.9357,44.41644],[8.93507,44.41613],[8.93487,44.41596]]}},{"type":"Feature","properties":{"color":"#8bc723","style":"fine"},"geometry":{"type":"LineString","coordinates":[[8.93552,44.4159],[8.93547,44.41591]]}},{"type":"Feature","properties":{"color":"#7bc428","style":"fine"},"geometry":{"type":"LineString","coordinates":[[8.95014,44.41623],[8.9498,44.41638]]}},{"type":"Feature","properties":{"color":"#f08828","style":"fine"},"geometry":{"type":"LineString","coordinates":[[8.9504,44.4161],[8.95019,44.41598]]}},{"type":"Feature","properties":{"color":"#e86728","style":"fine"},"geometry":{"type":"LineString","coordinates":[[8.94965,44.42686],[8.9494,44.42677],[8.94912,44.42656],[8.94892,44.42639]]}},{"type":"Feature","properties":{"color":"#a8cd19","style":"fine"},"geometry":{"type":"LineString","coordinates":[[8.94968,44.41753],[8.94954,44.41763]]}},{"type":"Feature","properties":{"color":"#b1cf16","style":"fine"},"geometry":{"type":"LineString","coordinates":[[8.94954,44.41763],[8.94921,44.41782]]}},{"type":"Feature","properties":{"color":"#5ebe32","style":"fine"},"geometry":{"type":"LineString","coordinates":[[8.91798,44.41667],[8.9183,44.41662],[8.91847,44.41655]]}},{"type":"Feature","properties":{"color":"#e76428","style":"fine"},"geometry":{"type":"LineString","coordinates":[[8.94733,44.42571],[8.94736,44.42551]]}},{"type":"Feature","properties":{"color":"#ddd806","style":"fine"},"geometry":{"type":"LineString","coordinates":[[8.94921,44.41782],[8.94906,44.41798],[8.94891,44.41819]]}},{"type":"Feature","properties":{"color":"#acce17","style":"fine"},"geometry":{"type":"LineString","coordinates":[[8.9544,44.41372],[8.9541,44.41381],[8.95384,44.41389]]}},{"type":"Feature","properties":{"color":"#dd4e28","style":"fine"},"geometry":{"type":"LineString","coordinates":[[8.94776,44.42659],[8.94771,44.42642],[8.94748,44.42605],[8.94733,44.42571]]}},{"type":"Feature","properties":{"color":"#d74128","style":"fine"},"geometry":{"type":"LineString","coordinates":[[8.94815,44.42565],[8.94828,44.42546],[8.94851,44.42538],[8.94856,44.42537]]}},{"type":"Feature","properties":{"color":"#e76528","style":"fine"},"geometry":{"type":"LineString","coordinates":[[8.94816,44.42581],[8.94833,44.42564],[8.94858,44.42563],[8.94867,44.42568]]}},{"type":"Feature","properties":{"color":"#b4d014","style":"fine"},"geometry":{"type":"LineString","coordinates":[[8.92864,44.41408],[8.92875,44.41425],[8.92889,44.41425]]}},{"type":"Feature","properties":{"color":"#d2d60a","style":"fine"},"geometry":{"type":"LineString","coordinates":[[8.94912,44.41406],[8.94906,44.41412]]}},{"type":"Feature","properties":{"color":"#b7d013","style":"fine"},"geometry":{"type":"LineString","coordinates":[[8.94734,44.41401],[8.94669,44.41373],[8.94654,44.41368]]}},{"type":"Feature","properties":{"color":"#89c723","style":"fine"},"geometry":{"type":"LineString","coordinates":[[8.95387,44.41708],[8.95397,44.417]]}},{"type":"Feature","properties":{"color":"#abce17","style":"fine"},"geometry":{"type":"LineString","coordinates":[[8.935,44.41595],[8.93487,44.41596]]}},{"type":"Feature","properties":{"color":"#dfd805","style":"fine"},"geometry":{"type":"LineString","coordinates":[[8.94912,44.4138],[8.94913,44.41403],[8.94912,44.41406]]}},{"type":"Feature","properties":{"color":"#c1d210","style":"fine"},"geometry":{"type":"LineString","coordinates":[[8.94895,44.41408],[8.94908,44.4139],[8.94912,44.4138]]}},{"type":"Feature","properties":{"color":"#eddb00","style":"fine"},"geometry":{"type":"LineString","coordinates":[[8.94831,44.42379],[8.94834,44.42402]]}},{"type":"Feature","properties":{"color":"#a0cc1b","style":"fine"},"geometry":{"type":"LineString","coordinates":[[8.92861,44.41398],[8.92864,44.41408]]}},{"type":"Feature","properties":{"color":"#67c02f","style":"fine"},"geometry":{"type":"LineString","coordinates":[[8.92795,44.41377],[8.9282,44.41374]]}},{"type":"Feature","properties":{"color":"#78c429","style":"fine"},"geometry":{"type":"LineString","coordinates":[[8.92795,44.41377],[8.92774,44.41355],[8.92762,44.41339],[8.92732,44.41315],[8.92715,44.41303]]}},{"type":"Feature","properties":{"color":"#ddd806","style":"fine"},"geometry":{"type":"LineString","coordinates":[[8.94618,44.41403],[8.94485,44.41362],[8.94443,44.41348],[8.94384,44.4133],[8.94361,44.41322]]}},{"type":"Feature","properties":{"color":"#c8d40d","style":"fine"},"geometry":{"type":"LineString","coordinates":[[8.9356,44.41588],[8.93552,44.4159]]}},{"type":"Feature","properties":{"color":"#c7d30e","style":"fine"},"geometry":{"type":"LineString","coordinates":[[8.95409,44.41401],[8.95384,44.41389]]}},{"type":"Feature","properties":{"color":"#ebdb01","style":"fine"},"geometry":{"type":"LineString","coordinates":[[8.95373,44.41401],[8.9532,44.41463]]}},{"type":"Feature","properties":{"color":"#b4d014","style":"fine"},"geometry":{"type":"LineString","coordinates":[[8.94703,44.41338],[8.94735,44.41373],[8.94737,44.41392],[8.94734,44.41401]]}},{"type":"Feature","properties":{"color":"#e2d904","style":"fine"},"geometry":{"type":"LineString","coordinates":[[8.94628,44.41406],[8.94641,44.41394]]}},{"type":"Feature","properties":{"color":"#d6d608","style":"fine"},"geometry":{"type":"LineString","coordinates":[[8.94654,44.41368],[8.94703,44.41338]]}},{"type":"Feature","properties":{"color":"#b9d113","style":"fine"},"geometry":{"type":"LineString","coordinates":[[8.94734,44.41401],[8.94721,44.41415]]}},{"type":"Feature","properties":{"color":"#e56028","style":"fine"},"geometry":{"type":"LineString","coordinates":[[8.94942,44.42765],[8.94904,44.42753],[8.94853,44.4272]]}},{"type":"Feature","properties":{"color":"#cfd50b","style":"fine"},"geometry":{"type":"LineString","coordinates":[[8.93547,44.41591],[8.935,44.41595]]}},{"type":"Feature","properties":{"color":"#ea6c28","style":"fine"},"geometry":{"type":"LineString","coordinates":[[8.94235,44.4369],[8.94228,44.43708],[8.94214,44.43715]]}},{"type":"Feature","properties":{"color":"#9ccb1d","style":"fine"},"geometry":{"type":"LineString","coordinates":[[8.92096,44.41558],[8.92112,44.41553]]}},{"type":"Feature","properties":{"color":"#e86628","style":"fine"},"geometry":{"type":"LineString","coordinates":[[8.9459,44.43128],[8.9458,44.43144],[8.94562,44.43173],[8.94547,44.43188]]}},{"type":"Feature","properties":{"color":"#d94428","style":"fine"},"geometry":{"type":"LineString","coordinates":[[8.94563,44.4312],[8.94573,44.43098],[8.94578,44.43077]]}},{"type":"Feature","properties":{"color":"#d1d50a","style":"fine"},"geometry":{"type":"LineString","coordinates":[[8.94826,44.42342],[8.94831,44.42379]]}},{"type":"Feature","properties":{"color":"#acce17","style":"fine"},"geometry":{"type":"LineString","coordinates":[[8.94954,44.41763],[8.94947,44.41758]]}},{"type":"Feature","properties":{"color":"#8ec822","style":"fine"},"geometry":{"type":"LineString","coordinates":[[8.94947,44.41758],[8.94955,44.41748]]}},{"type":"Feature","properties":{"color":"#b5d014","style":"fine"},"geometry":{"type":"LineString","coordinates":[[8.94921,44.41782],[8.94934,44.41764],[8.94947,44.41758]]}},{"type":"Feature","properties":{"color":"#abce18","style":"fine"},"geometry":{"type":"LineString","coordinates":[[8.92844,44.41379],[8.9284,44.41385]]}},{"type":"Feature","properties":{"color":"#c2d20f","style":"fine"},"geometry":{"type":"LineString","coordinates":[[8.95317,44.42858],[8.95282,44.42849],[8.95244,44.42841],[8.95144,44.4282]]}},{"type":"Feature","properties":{"color":"#9bcb1d","style":"fine"},"geometry":{"type":"LineString","coordinates":[[8.91869,44.41647],[8.91871,44.4165]]}},{"type":"Feature","properties":{"color":"#89c723","style":"fine"},"geometry":{"type":"LineString","coordinates":[[8.9282,44.41374],[8.92834,44.41369]]}},{"type":"Feature","properties":{"color":"#6bc12e","style":"fine"},"geometry":{"type":"LineString","coordinates":[[8.92834,44.41369],[8.92844,44.41377]]}},{"type":"Feature","properties":{"color":"#c6d30e","style":"fine"},"geometry":{"type":"LineString","coordinates":[[8.95395,44.42879],[8.9537,44.42871],[8.95317,44.42858]]}},{"type":"Feature","properties":{"color":"#efdb00","style":"fine"},"geometry":{"type":"LineString","coordinates":[[8.95066,44.41969],[8.95017,44.42008],[8.94993,44.42027],[8.94976,44.42043],[8.94957,44.42062],[8.94921,44.42105],[8.94883,44.4215],[8.94845,44.42195],[8.94836,44.42205]]}},{"type":"Feature","properties":{"color":"#d0d50b","style":"fine"},"geometry":{"type":"LineString","coordinates":[[8.95332,44.41751],[8.95348,44.41738],[8.95387,44.41708]]}},{"type":"Feature","properties":{"color":"#d94528","style":"fine"},"geometry":{"type":"LineString","coordinates":[[8.94615,44.43116],[8.94611,44.43137],[8.94584,44.43156],[8.94562,44.43173]]}},{"type":"Feature","properties":{"color":"#bdd111","style":"fine"},"geometry":{"type":"LineString","coordinates":[[8.94985,44.4173],[8.94968,44.41753]]}},{"type":"Feature","properties":{"color":"#9ecb1c","style":"fine"},"geometry":{"type":"LineString","coordinates":[[8.94955,44.41748],[8.94974,44.41735],[8.94985,44.4173]]}},{"type":"Feature","properties":{"color":"#acce17","style":"fine"},"geometry":{"type":"LineString","coordinates":[[8.92861,44.41398],[8.9284,44.41385]]}},{"type":"Feature","properties":{"color":"#91c921","style":"fine"},"geometry":{"type":"LineString","coordinates":[[8.93311,44.41689],[8.93352,44.41733],[8.93406,44.41793],[8.93431,44.41821],[8.93436,44.41841],[8.93423,44.4186],[8.93394,44.41868],[8.93365,44.41861],[8.93313,44.41834],[8.93251,44.41805],[8.93237,44.41803]]}},{"type":"Feature","properties":{"color":"#c0d210","style":"fine"},"geometry":{"type":"LineString","coordinates":[[8.93317,44.4146],[8.93309,44.41488],[8.93303,44.41513],[8.93293,44.41547],[8.93277,44.41613],[8.93277,44.41637],[8.93291,44.41667],[8.93311,44.41689]]}},{"type":"Feature","properties":{"color":"#dcd806","style":"fine"},"geometry":{"type":"LineString","coordinates":[[8.95144,44.4282],[8.95121,44.42815]]}},{"type":"Feature","properties":{"color":"#a7cd19","style":"fine"},"geometry":{"type":"LineString","coordinates":[[8.9397,44.43796],[8.93928,44.43819],[8.93899,44.43833]]}},{"type":"Feature","properties":{"color":"#acce17","style":"fine"},"geometry":{"type":"LineString","coordinates":[[8.9268,44.41287],[8.92687,44.41281]]}},{"type":"Feature","properties":{"color":"#e2d904","style":"fine"},"geometry":{"type":"LineString","coordinates":[[8.95299,44.41348],[8.95301,44.41349]]}},{"type":"Feature","properties":{"color":"#90c821","style":"fine"},"geometry":{"type":"LineString","coordinates":[[8.92008,44.41558],[8.92057,44.41561],[8.92077,44.41561]]}},{"type":"Feature","properties":{"color":"#e05428","style":"fine"},"geometry":{"type":"LineString","coordinates":[[8.94819,44.42694],[8.94795,44.427],[8.94788,44.4272]]}},{"type":"Feature","properties":{"color":"#ed7228","style":"fine"},"geometry":{"type":"LineString","coordinates":[[8.94779,44.42685],[8.94776,44.42659]]}},{"type":"Feature","properties":{"color":"#9dcb1c","style":"fine"},"geometry":{"type":"LineString","coordinates":[[8.91873,44.41636],[8.91869,44.41647]]}},{"type":"Feature","properties":{"color":"#7fc527","style":"fine"},"geometry":{"type":"LineString","coordinates":[[8.91855,44.4166],[8.91847,44.41655]]}},{"type":"Feature","properties":{"color":"#60bf32","style":"fine"},"geometry":{"type":"LineString","coordinates":[[8.91847,44.41655],[8.91856,44.41644]]}},{"type":"Feature","properties":{"color":"#b9d112","style":"fine"},"geometry":{"type":"LineString","coordinates":[[8.95019,44.41598],[8.95027,44.41588]]}},{"type":"Feature","properties":{"color":"#82c626","style":"fine"},"geometry":{"type":"LineString","coordinates":[[8.92843,44.41726],[8.92823,44.41706],[8.92812,44.41648],[8.9279,44.41687],[8.92778,44.41777],[8.92765,44.41742],[8.92749,44.41726],[8.92719,44.41737],[8.92662,44.4177],[8.92631,44.41787],[8.92611,44.418],[8.92578,44.4182],[8.92519,44.41856],[8.92503,44.41867]]}},{"type":"Feature","properties":{"color":"#e66328","style":"fine"},"geometry":{"type":"LineString","coordinates":[[8.94071,44.43762],[8.94047,44.43758],[8.9403,44.43739],[8.9403,44.43735]]}},{"type":"Feature","properties":{"color":"#ee7428","style":"fine"},"geometry":{"type":"LineString","coordinates":[[8.94578,44.43077],[8.94574,44.42989]]}},{"type":"Feature","properties":{"color":"#e86828","style":"fine"},"geometry":{"type":"LineString","coordinates":[[8.94547,44.43188],[8.94524,44.43212],[8.945,44.43231],[8.94473,44.43251]]}},{"type":"Feature","properties":{"color":"#d94528","style":"fine"},"geometry":{"type":"LineString","coordinates":[[8.94592,44.43062],[8.94599,44.43098],[8.94595,44.43118],[8.9459,44.43128]]}},{"type":"Feature","properties":{"color":"#e45e28","style":"fine"},"geometry":{"type":"LineString","coordinates":[[8.94162,44.4334],[8.94176,44.43323],[8.94194,44.43307],[8.94213,44.43294],[8.94256,44.43275],[8.94294,44.43266],[8.94319,44.43263]]}},{"type":"Feature","properties":{"color":"#ec7128","style":"fine"},"geometry":{"type":"LineString","coordinates":[[8.9453,44.43179],[8.94544,44.43156],[8.94563,44.4312]]}},{"type":"Feature","properties":{"color":"#e76428","style":"fine"},"geometry":{"type":"LineString","coordinates":[[8.94581,44.43466],[8.9458,44.43493],[8.94579,44.43515],[8.94577,44.43537]]}},{"type":"Feature","properties":{"color":"#d94528","style":"fine"},"geometry":{"type":"LineString","coordinates":[[8.94217,44.43631],[8.94231,44.43652],[8.9425,44.43669],[8.9431,44.43681],[8.94383,44.4369],[8.94443,44.437]]}},{"type":"Feature","properties":{"color":"#e35b28","style":"fine"},"geometry":{"type":"LineString","coordinates":[[8.94198,44.4358],[8.94157,44.43459]]}},{"type":"Feature","properties":{"color":"#8dc822","style":"fine"},"geometry":{"type":"LineString","coordinates":[[8.92289,44.41687],[8.92282,44.41705],[8.92279,44.41708]]}},{"type":"Feature","properties":{"color":"#8ec822","style":"fine"},"geometry":{"type":"LineString","coordinates":[[8.93487,44.41596],[8.93481,44.4159]]}},{"type":"Feature","properties":{"color":"#bcd112","style":"fine"},"geometry":{"type":"LineString","coordinates":[[8.9532,44.41463],[8.9527,44.41522],[8.95265,44.41527]]}},{"type":"Feature","properties":{"color":"#c7d30e","style":"fine"},"geometry":{"type":"LineString","coordinates":[[8.9483,44.41411],[8.94807,44.41411]]}},{"type":"Feature","properties":{"color":"#bbd112","style":"fine"},"geometry":{"type":"LineString","coordinates":[[8.94847,44.41409],[8.9483,44.41411]]}},{"type":"Feature","properties":{"color":"#9ccb1d","style":"fine"},"geometry":{"type":"LineString","coordinates":[[8.94807,44.41405],[8.9483,44.41405]]}},{"type":"Feature","properties":{"color":"#aece16","style":"fine"},"geometry":{"type":"LineString","coordinates":[[8.9483,44.41405],[8.94847,44.41409]]}},{"type":"Feature","properties":{"color":"#bdd111","style":"fine"},"geometry":{"type":"LineString","coordinates":[[8.94926,44.41465],[8.94929,44.41443],[8.94922,44.4143]]}},{"type":"Feature","properties":{"color":"#8bc723","style":"fine"},"geometry":{"type":"LineString","coordinates":[[8.93006,44.41328],[8.92978,44.41334],[8.92963,44.41337]]}},{"type":"Feature","properties":{"color":"#91c921","style":"fine"},"geometry":{"type":"LineString","coordinates":[[8.92827,44.41387],[8.9282,44.41382]]}},{"type":"Feature","properties":{"color":"#85c625","style":"fine"},"geometry":{"type":"LineString","coordinates":[[8.91909,44.41588],[8.919,44.41607]]}},{"type":"Feature","properties":{"color":"#c0d210","style":"fine"},"geometry":{"type":"LineString","coordinates":[[8.93041,44.41663],[8.93116,44.41677],[8.93156,44.41683],[8.93197,44.41691],[8.93224,44.41692],[8.93231,44.41691]]}},{"type":"Feature","properties":{"color":"#73c32b","style":"fine"},"geometry":{"type":"LineString","coordinates":[[8.9284,44.41385],[8.92827,44.41387]]}},{"type":"Feature","properties":{"color":"#8dc822","style":"fine"},"geometry":{"type":"LineString","coordinates":[[8.94906,44.41412],[8.94904,44.41415]]}},{"type":"Feature","properties":{"color":"#9fcb1c","style":"fine"},"geometry":{"type":"LineString","coordinates":[[8.94893,44.41411],[8.94895,44.41408]]}},{"type":"Feature","properties":{"color":"#76c32a","style":"fine"},"geometry":{"type":"LineString","coordinates":[[8.94955,44.41748],[8.94968,44.41753]]}},{"type":"Feature","properties":{"color":"#85c625","style":"fine"},"geometry":{"type":"LineString","coordinates":[[8.91957,44.41643],[8.91928,44.41648],[8.91898,44.41653]]}},{"type":"Feature","properties":{"color":"#a4cc1a","style":"fine"},"geometry":{"type":"LineString","coordinates":[[8.94694,44.41415],[8.94645,44.41413],[8.94628,44.41406]]}},{"type":"Feature","properties":{"color":"#ddd806","style":"fine"},"geometry":{"type":"LineString","coordinates":[[8.94721,44.41415],[8.94694,44.41415]]}},{"type":"Feature","properties":{"color":"#f0ca28","style":"fine"},"geometry":{"type":"LineString","coordinates":[[8.92974,44.42077],[8.92986,44.42095],[8.93011,44.42099]]}},{"type":"Feature","properties":{"color":"#9aca1e","style":"fine"},"geometry":{"type":"LineString","coordinates":[[8.94956,44.41649],[8.9498,44.41638]]}},{"type":"Feature","properties":{"color":"#7cc428","style":"fine"},"geometry":{"type":"LineString","coordinates":[[8.95013,44.41714],[8.94985,44.4173]]}},{"type":"Feature","properties":{"color":"#ded806","style":"fine"},"geometry":{"type":"LineString","coordinates":[[8.94891,44.41819],[8.94887,44.41825]]}},{"type":"Feature","properties":{"color":"#d4d609","style":"fine"},"geometry":{"type":"LineString","coordinates":[[8.95058,44.41964],[8.95082,44.41944],[8.95156,44.41886]]}},{"type":"Feature","properties":{"color":"#f0d028","style":"fine"},"geometry":{"type":"LineString","coordinates":[[8.95156,44.41886],[8.95179,44.41867],[8.95205,44.41847],[8.95272,44.41791],[8.95317,44.41757],[8.95332,44.41751]]}},{"type":"Feature","properties":{"color":"#e8da02","style":"fine"},"geometry":{"type":"LineString","coordinates":[[8.95328,44.41761],[8.95197,44.41868],[8.95095,44.41946],[8.95078,44.41959],[8.95066,44.41969]]}},{"type":"Feature","properties":{"color":"#a6cd19","style":"fine"},"geometry":{"type":"LineString","coordinates":[[8.94834,44.42402],[8.94842,44.42455],[8.94854,44.42526],[8.94855,44.42532]]}},{"type":"Feature","properties":{"color":"#e5d903","style":"fine"},"geometry":{"type":"LineString","coordinates":[[8.94699,44.42293],[8.94691,44.42249],[8.94686,44.42209],[8.94681,44.4217]]}},{"type":"Feature","properties":{"color":"#f0d428","style":"fine"},"geometry":{"type":"LineString","coordinates":[[8.91846,44.42561],[8.91843,44.42537],[8.9184,44.42515],[8.91846,44.42497],[8.9187,44.42482],[8.91896,44.42477],[8.91944,44.42482],[8.92079,44.42502],[8.92108,44.42507],[8.92135,44.42508],[8.92156,44.42497],[8.92161,44.4249]]}},{"type":"Feature","properties":{"color":"#96ca1f","style":"fine"},"geometry":{"type":"LineString","coordinates":[[8.93711,44.41305],[8.93699,44.4128],[8.93698,44.41243],[8.937,44.41217]]}},{"type":"Feature","properties":{"color":"#a3cc1a","style":"fine"},"geometry":{"type":"LineString","coordinates":[[8.93688,44.41464],[8.9369,44.41456]]}},{"type":"Feature","properties":{"color":"#97ca1e","style":"fine"},"geometry":{"type":"LineString","coordinates":[[8.95027,44.41588],[8.95059,44.41562]]}},{"type":"Feature","properties":{"color":"#ccd40c","style":"fine"},"geometry":{"type":"LineString","coordinates":[[8.94654,44.41368],[8.94634,44.41361]]}},{"type":"Feature","properties":{"color":"#c1d210","style":"fine"},"geometry":{"type":"LineString","coordinates":[[8.91831,44.42568],[8.91846,44.42561]]}},{"type":"Feature","properties":{"color":"#b6d014","style":"fine"},"geometry":{"type":"LineString","coordinates":[[8.95396,44.41374],[8.95405,44.41355]]}},{"type":"Feature","properties":{"color":"#5ebe32","style":"fine"},"geometry":{"type":"LineString","coordinates":[[8.91894,44.41613],[8.91885,44.41621]]}},{"type":"Feature","properties":{"color":"#acce17","style":"fine"},"geometry":{"type":"LineString","coordinates":[[8.94028,44.4375],[8.94063,44.43736],[8.94113,44.43717],[8.94157,44.43706],[8.94195,44.43699],[8.9424,44.43695],[8.9439,44.43698],[8.94443,44.437]]}},{"type":"Feature","properties":{"color":"#99ca1e","style":"fine"},"geometry":{"type":"LineString","coordinates":[[8.94869,44.43715],[8.9489,44.43714]]}},{"type":"Feature","properties":{"color":"#86c624","style":"fine"},"geometry":{"type":"LineString","coordinates":[[8.94896,44.41416],[8.94893,44.41411]]}},{"type":"Feature","properties":{"color":"#b6d014","style":"fine"},"geometry":{"type":"LineString","coordinates":[[8.94922,44.4143],[8.94904,44.41415]]}},{"type":"Feature","properties":{"color":"#98ca1e","style":"fine"},"geometry":{"type":"LineString","coordinates":[[8.94906,44.41412],[8.94922,44.4143]]}},{"type":"Feature","properties":{"color":"#b6d014","style":"fine"},"geometry":{"type":"LineString","coordinates":[[8.95485,44.41753],[8.95478,44.41744]]}},{"type":"Feature","properties":{"color":"#e6da03","style":"fine"},"geometry":{"type":"LineString","coordinates":[[8.95478,44.41744],[8.95492,44.41746]]}},{"type":"Feature","properties":{"color":"#f0c128","style":"fine"},"geometry":{"type":"LineString","coordinates":[[8.95536,44.4178],[8.95485,44.41753]]}},{"type":"Feature","properties":{"color":"#dcd806","style":"fine"},"geometry":{"type":"LineString","coordinates":[[8.94612,44.43715],[8.94548,44.43712]]}},{"type":"Feature","properties":{"color":"#e3d904","style":"fine"},"geometry":{"type":"LineString","coordinates":[[8.94746,44.42573],[8.94736,44.42551]]}},{"type":"Feature","properties":{"color":"#ec6f28","style":"fine"},"geometry":{"type":"LineString","coordinates":[[8.9421,44.43618],[8.94217,44.43631]]}},{"type":"Feature","properties":{"color":"#da4828","style":"fine"},"geometry":{"type":"LineString","coordinates":[[8.94826,44.42655],[8.94824,44.42656]]}},{"type":"Feature","properties":{"color":"#c6d30e","style":"fine"},"geometry":{"type":"LineString","coordinates":[[8.94856,44.42537],[8.94867,44.42568]]}},{"type":"Feature","properties":{"color":"#e35b28","style":"fine"},"geometry":{"type":"LineString","coordinates":[[8.94574,44.42989],[8.94586,44.4304],[8.94592,44.43062]]}},{"type":"Feature","properties":{"color":"#9bcb1d","style":"fine"},"geometry":{"type":"LineString","coordinates":[[8.92085,44.41567],[8.92058,44.41568],[8.92033,44.41565],[8.92008,44.41558]]}},{"type":"Feature","properties":{"color":"#7dc527","style":"fine"},"geometry":{"type":"LineString","coordinates":[[8.92127,44.41549],[8.92177,44.4154],[8.92219,44.41533],[8.92253,44.41527],[8.92284,44.41519],[8.9231,44.41509],[8.92338,44.41498],[8.92373,44.41481],[8.92402,44.41464],[8.9251,44.41398],[8.9262,44.41327],[8.92673,44.41292],[8.9268,44.41287]]}},{"type":"Feature","properties":{"color":"#c1d210","style":"fine"},"geometry":{"type":"LineString","coordinates":[[8.92085,44.41614],[8.92,44.41634],[8.91972,44.4164],[8.9196,44.41642]]}},{"type":"Feature","properties":{"color":"#c3d30f","style":"fine"},"geometry":{"type":"LineString","coordinates":[[8.94855,44.42532],[8.94856,44.42537]]}},{"type":"Feature","properties":{"color":"#dad707","style":"fine"},"geometry":{"type":"LineString","coordinates":[[8.9541,44.41381],[8.95396,44.41374]]}},{"type":"Feature","properties":{"color":"#b3cf15","style":"fine"},"geometry":{"type":"LineString","coordinates":[[8.94816,44.42342],[8.9481,44.42297]]}},{"type":"Feature","properties":{"color":"#c5d30e","style":"fine"},"geometry":{"type":"LineString","coordinates":[[8.94826,44.42412],[8.94823,44.42391]]}},{"type":"Feature","properties":{"color":"#a7cd19","style":"fine"},"geometry":{"type":"LineString","coordinates":[[8.9482,44.42287],[8.94823,44.42315]]}},{"type":"Feature","properties":{"color":"#d6d608","style":"fine"},"geometry":{"type":"LineString","coordinates":[[8.94823,44.42391],[8.94816,44.42342]]}},{"type":"Feature","properties":{"color":"#e86728","style":"fine"},"geometry":{"type":"LineString","coordinates":[[8.94816,44.42406],[8.94823,44.42391]]}},{"type":"Feature","properties":{"color":"#e8da02","style":"fine"},"geometry":{"type":"LineString","coordinates":[[8.94809,44.42288],[8.94807,44.42275]]}},{"type":"Feature","properties":{"color":"#dbd707","style":"fine"},"geometry":{"type":"LineString","coordinates":[[8.94803,44.42288],[8.94809,44.42288]]}},{"type":"Feature","properties":{"color":"#abce17","style":"fine"},"geometry":{"type":"LineString","coordinates":[[8.9481,44.42297],[8.94809,44.42288]]}},{"type":"Feature","properties":{"color":"#c6d30e","style":"fine"},"geometry":{"type":"LineString","coordinates":[[8.94751,44.41406],[8.94734,44.41401]]}},{"type":"Feature","properties":{"color":"#8ac723","style":"fine"},"geometry":{"type":"LineString","coordinates":[[8.9477,44.41407],[8.94751,44.41406]]}},{"type":"Feature","properties":{"color":"#cdd50c","style":"fine"},"geometry":{"type":"LineString","coordinates":[[8.94887,44.41825],[8.94871,44.41851]]}},{"type":"Feature","properties":{"color":"#97ca1f","style":"fine"},"geometry":{"type":"LineString","coordinates":[[8.9196,44.41642],[8.91957,44.41643]]}},{"type":"Feature","properties":{"color":"#65c030","style":"fine"},"geometry":{"type":"LineString","coordinates":[[8.92112,44.41553],[8.92127,44.41549]]}},{"type":"Feature","properties":{"color":"#d2d60a","style":"fine"},"geometry":{"type":"LineString","coordinates":[[8.94871,44.41851],[8.94859,44.41886]]}},{"type":"Feature","properties":{"color":"#b4d014","style":"fine"},"geometry":{"type":"LineString","coordinates":[[8.94859,44.41886],[8.94852,44.41906],[8.94849,44.41915]]}},{"type":"Feature","properties":{"color":"#9fcb1c","style":"fine"},"geometry":{"type":"LineString","coordinates":[[8.95332,44.41751],[8.95328,44.41761]]}},{"type":"Feature","properties":{"color":"#e66328","style":"fine"},"geometry":{"type":"LineString","coordinates":[[8.94788,44.4272],[8.94784,44.4273]]}},{"type":"Feature","properties":{"color":"#d1d50a","style":"fine"},"geometry":{"type":"LineString","coordinates":[[8.94867,44.42568],[8.94871,44.42575]]}},{"type":"Feature","properties":{"color":"#ea6b28","style":"fine"},"geometry":{"type":"LineString","coordinates":[[8.94815,44.42565],[8.94813,44.42541],[8.94807,44.425],[8.94809,44.42481],[8.94818,44.4246],[8.9482,44.4244],[8.94817,44.42418],[8.94816,44.42406]]}},{"type":"Feature","properties":{"color":"#f0da28","style":"fine"},"geometry":{"type":"LineString","coordinates":[[8.94836,44.42205],[8.94829,44.42213]]}},{"type":"Feature","properties":{"color":"#d5d609","style":"fine"},"geometry":{"type":"LineString","coordinates":[[8.9482,44.42208],[8.94829,44.42213]]}},{"type":"Feature","properties":{"color":"#b7d013","style":"fine"},"geometry":{"type":"LineString","coordinates":[[8.9482,44.42208],[8.94839,44.42185],[8.94874,44.42145],[8.94911,44.42101],[8.94947,44.42058],[8.94967,44.42038],[8.94983,44.42024],[8.95001,44.42009],[8.95042,44.41977],[8.95058,44.41964]]}},{"type":"Feature","properties":{"color":"#a3cc1a","style":"fine"},"geometry":{"type":"LineString","coordinates":[[8.94967,44.41662],[8.94956,44.41649]]}},{"type":"Feature","properties":{"color":"#85c625","style":"fine"},"geometry":{"type":"LineString","coordinates":[[8.94996,44.41622],[8.95019,44.41598]]}},{"type":"Feature","properties":{"color":"#87c724","style":"fine"},"geometry":{"type":"LineString","coordinates":[[8.94904,44.41415],[8.94902,44.41416]]}},{"type":"Feature","properties":{"color":"#e1d905","style":"fine"},"geometry":{"type":"LineString","coordinates":[[8.94641,44.41394],[8.94654,44.41368]]}},{"type":"Feature","properties":{"color":"#c1d210","style":"fine"},"geometry":{"type":"LineString","coordinates":[[8.94736,44.42551],[8.94732,44.42536]]}},{"type":"Feature","properties":{"color":"#91c921","style":"fine"},"geometry":{"type":"LineString","coordinates":[[8.91898,44.41653],[8.91868,44.41658]]}},{"type":"Feature","properties":{"color":"#a7cd19","style":"fine"},"geometry":{"type":"LineString","coordinates":[[8.91871,44.4165],[8.91868,44.41658]]}},{"type":"Feature","properties":{"color":"#a3cc1a","style":"fine"},"geometry":{"type":"LineString","coordinates":[[8.91898,44.41653],[8.91871,44.4165]]}},{"type":"Feature","properties":{"color":"#6ac12e","style":"fine"},"geometry":{"type":"LineString","coordinates":[[8.91856,44.41644],[8.91877,44.41628]]}},{"type":"Feature","properties":{"color":"#9aca1d","style":"fine"},"geometry":{"type":"LineString","coordinates":[[8.91877,44.41628],[8.91873,44.41636]]}},{"type":"Feature","properties":{"color":"#7cc428","style":"fine"},"geometry":{"type":"LineString","coordinates":[[8.91856,44.41644],[8.91869,44.41647]]}},{"type":"Feature","properties":{"color":"#c8d40d","style":"fine"},"geometry":{"type":"LineString","coordinates":[[8.91827,44.42569],[8.91831,44.42568]]}},{"type":"Feature","properties":{"color":"#ed7228","style":"fine"},"geometry":{"type":"LineString","coordinates":[[8.94785,44.42633],[8.9479,44.42624]]}},{"type":"Feature","properties":{"color":"#de5028","style":"fine"},"geometry":{"type":"LineString","coordinates":[[8.9479,44.42624],[8.94802,44.42605],[8.94816,44.42581]]}},{"type":"Feature","properties":{"color":"#aece16","style":"fine"},"geometry":{"type":"LineString","coordinates":[[8.94548,44.43712],[8.94385,44.43707]]}},{"type":"Feature","properties":{"color":"#91c921","style":"fine"},"geometry":{"type":"LineString","coordinates":[[8.94443,44.437],[8.94612,44.43706]]}},{"type":"Feature","properties":{"color":"#e2d904","style":"fine"},"geometry":{"type":"LineString","coordinates":[[8.95127,44.42739],[8.95165,44.42745],[8.95195,44.42754],[8.95205,44.42757]]}},{"type":"Feature","properties":{"color":"#d5d609","style":"fine"},"geometry":{"type":"LineString","coordinates":[[8.95152,44.42746],[8.95127,44.42739]]}},{"type":"Feature","properties":{"color":"#9ccb1d","style":"fine"},"geometry":{"type":"LineString","coordinates":[[8.919,44.41607],[8.91894,44.41613]]}},{"type":"Feature","properties":{"color":"#92c920","style":"fine"},"geometry":{"type":"LineString","coordinates":[[8.92077,44.41561],[8.92096,44.41558]]}},{"type":"Feature","properties":{"color":"#9aca1e","style":"fine"},"geometry":{"type":"LineString","coordinates":[[8.91885,44.41621],[8.91877,44.41628]]}},{"type":"Feature","properties":{"color":"#abce17","style":"fine"},"geometry":{"type":"LineString","coordinates":[[8.92844,44.41377],[8.92844,44.41379]]}}]}